,ID,COUNTY,NAME,STNAME,POPESTIMATE2015,CTYNAME,TOT_POP,TOT_MALE,TOT_FEMALE,"WHITE,HISPANIC","BLACK,ASIAN","NATIVE,OTHER",1,2,3,4,5,6,7,8,9,10,11,12,13,14,15,16,17,18,00..10,10..15,15..25,25..35,35..50,50..75,75..100,100..150,150..200,200..999,LESS_THAN_HS,HS_DEGREE,SOME_COLLEGE,BS_DEGRE
0,,,Aalst,VLG,,Aalst,77534,,,,,,,,,,,,,,,,,,,,,,,,,,,,,,,,,,,,,
1,,,Aalter,VLG,,Aalter,18802,,,,,,,,,,,,,,,,,,,,,,,,,,,,,,,,,,,,,
2,,,Aarschot,VLG,,Aarschot,27656,,,,,,,,,,,,,,,,,,,,,,,,,,,,,,,,,,,,,
3,,,Aartselaar,VLG,,Aartselaar,14193,,,,,,,,,,,,,,,,,,,,,,,,,,,,,,,,,,,,,
4,,,Aiseau,WAL,,Aiseau,10906,,,,,,,,,,,,,,,,,,,,,,,,,,,,,,,,,,,,,
5,,,Alken,VLG,,Alken,10933,,,,,,,,,,,,,,,,,,,,,,,,,,,,,,,,,,,,,
6,,,Alveringem,VLG,,Alveringem,4910,,,,,,,,,,,,,,,,,,,,,,,,,,,,,,,,,,,,,
7,,,Amay,WAL,,Amay,13307,,,,,,,,,,,,,,,,,,,,,,,,,,,,,,,,,,,,,
8,,,Amblève,WAL,,Amblève,5221,,,,,,,,,,,,,,,,,,,,,,,,,,,,,,,,,,,,,
9,,,Andenne,WAL,,Andenne,24055,,,,,,,,,,,,,,,,,,,,,,,,,,,,,,,,,,,,,
10,,,Anderlues,WAL,,Anderlues,11597,,,,,,,,,,,,,,,,,,,,,,,,,,,,,,,,,,,,,
11,,,Anhée,WAL,,Anhée,7125,,,,,,,,,,,,,,,,,,,,,,,,,,,,,,,,,,,,,
12,,,Ans,WAL,,Ans,27297,,,,,,,,,,,,,,,,,,,,,,,,,,,,,,,,,,,,,
13,,,Anthisnes,WAL,,Anthisnes,4116,,,,,,,,,,,,,,,,,,,,,,,,,,,,,,,,,,,,,
14,,,Antoing,WAL,,Antoing,7507,,,,,,,,,,,,,,,,,,,,,,,,,,,,,,,,,,,,,
15,,,Antwerpen,VLG,,Antwerpen,459805,,,,,,,,,,,,,,,,,,,,,,,,,,,,,,,,,,,,,
16,,,Anzegem,VLG,,Anzegem,13920,,,,,,,,,,,,,,,,,,,,,,,,,,,,,,,,,,,,,
17,,,Ardooie,VLG,,Ardooie,9161,,,,,,,,,,,,,,,,,,,,,,,,,,,,,,,,,,,,,
18,,,Arendonk,VLG,,Arendonk,12247,,,,,,,,,,,,,,,,,,,,,,,,,,,,,,,,,,,,,
19,,,Arlon,WAL,,Arlon,26179,,,,,,,,,,,,,,,,,,,,,,,,,,,,,,,,,,,,,
20,,,As,VLG,,As,7250,,,,,,,,,,,,,,,,,,,,,,,,,,,,,,,,,,,,,
21,,,Asse,VLG,,Asse,28985,,,,,,,,,,,,,,,,,,,,,,,,,,,,,,,,,,,,,
22,,,Assenede,VLG,,Assenede,13495,,,,,,,,,,,,,,,,,,,,,,,,,,,,,,,,,,,,,
23,,,Assesse,WAL,,Assesse,6279,,,,,,,,,,,,,,,,,,,,,,,,,,,,,,,,,,,,,
24,,,Ath,WAL,,Ath,26681,,,,,,,,,,,,,,,,,,,,,,,,,,,,,,,,,,,,,
25,,,Attert,WAL,,Attert,4491,,,,,,,,,,,,,,,,,,,,,,,,,,,,,,,,,,,,,
26,,,Aubange,WAL,,Aubange,14932,,,,,,,,,,,,,,,,,,,,,,,,,,,,,,,,,,,,,
27,,,Aubel,WAL,,Aubel,4119,,,,,,,,,,,,,,,,,,,,,,,,,,,,,,,,,,,,,
28,,,Avelgem,VLG,,Avelgem,9106,,,,,,,,,,,,,,,,,,,,,,,,,,,,,,,,,,,,,
29,,,Awans,WAL,,Awans,8612,,,,,,,,,,,,,,,,,,,,,,,,,,,,,,,,,,,,,
30,,,Aywaille,WAL,,Aywaille,10636,,,,,,,,,,,,,,,,,,,,,,,,,,,,,,,,,,,,,
31,,,Baarle-Hertog,VLG,,Baarle-Hertog,2305,,,,,,,,,,,,,,,,,,,,,,,,,,,,,,,,,,,,,
32,,,Baelen,WAL,,Baelen,3928,,,,,,,,,,,,,,,,,,,,,,,,,,,,,,,,,,,,,
33,,,Balen,VLG,,Balen,19978,,,,,,,,,,,,,,,,,,,,,,,,,,,,,,,,,,,,,
34,,,Basse Lasne,WAL,,Basse Lasne,13861,,,,,,,,,,,,,,,,,,,,,,,,,,,,,,,,,,,,,
35,,,Bassenge,WAL,,Bassenge,8151,,,,,,,,,,,,,,,,,,,,,,,,,,,,,,,,,,,,,
36,,,Bastogne,WAL,,Bastogne,14395,,,,,,,,,,,,,,,,,,,,,,,,,,,,,,,,,,,,,
37,,,Beaumont,WAL,,Beaumont,6645,,,,,,,,,,,,,,,,,,,,,,,,,,,,,,,,,,,,,
38,,,Beauraing,WAL,,Beauraing,8242,,,,,,,,,,,,,,,,,,,,,,,,,,,,,,,,,,,,,
39,,,Beauvechain,WAL,,Beauvechain,6334,,,,,,,,,,,,,,,,,,,,,,,,,,,,,,,,,,,,,
40,,,Beernem,VLG,,Beernem,14512,,,,,,,,,,,,,,,,,,,,,,,,,,,,,,,,,,,,,
41,,,Beerse,VLG,,Beerse,16208,,,,,,,,,,,,,,,,,,,,,,,,,,,,,,,,,,,,,
42,,,Beersel,VLG,,Beersel,23228,,,,,,,,,,,,,,,,,,,,,,,,,,,,,,,,,,,,,
43,,,Begijnendijk,VLG,,Begijnendijk,9178,,,,,,,,,,,,,,,,,,,,,,,,,,,,,,,,,,,,,
44,,,Bekkevoort,VLG,,Bekkevoort,5714,,,,,,,,,,,,,,,,,,,,,,,,,,,,,,,,,,,,,
45,,,Beloeil,WAL,,Beloeil,13405,,,,,,,,,,,,,,,,,,,,,,,,,,,,,,,,,,,,,
46,,,Beringen,VLG,,Beringen,40930,,,,,,,,,,,,,,,,,,,,,,,,,,,,,,,,,,,,,
47,,,Berlaar,VLG,,Berlaar,10370,,,,,,,,,,,,,,,,,,,,,,,,,,,,,,,,,,,,,
48,,,Berlare,VLG,,Berlare,13853,,,,,,,,,,,,,,,,,,,,,,,,,,,,,,,,,,,,,
49,,,Berloz,WAL,,Berloz,2770,,,,,,,,,,,,,,,,,,,,,,,,,,,,,,,,,,,,,
50,,,Bernissart,WAL,,Bernissart,11588,,,,,,,,,,,,,,,,,,,,,,,,,,,,,,,,,,,,,
51,,,Bertem,VLG,,Bertem,9215,,,,,,,,,,,,,,,,,,,,,,,,,,,,,,,,,,,,,
52,,,Bertogne,WAL,,Bertogne,2852,,,,,,,,,,,,,,,,,,,,,,,,,,,,,,,,,,,,,
53,,,Bertrix,WAL,,Bertrix,8063,,,,,,,,,,,,,,,,,,,,,,,,,,,,,,,,,,,,,
54,,,Bever,VLG,,Bever,1932,,,,,,,,,,,,,,,,,,,,,,,,,,,,,,,,,,,,,
55,,,Beveren,VLG,,Beveren,45179,,,,,,,,,,,,,,,,,,,,,,,,,,,,,,,,,,,,,
56,,,Beyne-Heusay,WAL,,Beyne-Heusay,11608,,,,,,,,,,,,,,,,,,,,,,,,,,,,,,,,,,,,,
57,,,Bierbeek,VLG,,Bierbeek,8994,,,,,,,,,,,,,,,,,,,,,,,,,,,,,,,,,,,,,
58,,,Bilzen,VLG,,Bilzen,29622,,,,,,,,,,,,,,,,,,,,,,,,,,,,,,,,,,,,,
59,,,Binche,WAL,,Binche,32030,,,,,,,,,,,,,,,,,,,,,,,,,,,,,,,,,,,,,
60,,,Bièvre,WAL,,Bièvre,3207,,,,,,,,,,,,,,,,,,,,,,,,,,,,,,,,,,,,,
61,,,Blankenberge,VLG,,Blankenberge,18230,,,,,,,,,,,,,,,,,,,,,,,,,,,,,,,,,,,,,
62,,,Blégny,WAL,,Blégny,12745,,,,,,,,,,,,,,,,,,,,,,,,,,,,,,,,,,,,,
63,,,Bocholt,VLG,,Bocholt,12346,,,,,,,,,,,,,,,,,,,,,,,,,,,,,,,,,,,,,
64,,,Boechout,VLG,,Boechout,12145,,,,,,,,,,,,,,,,,,,,,,,,,,,,,,,,,,,,,
65,,,Bonheiden,VLG,,Bonheiden,14260,,,,,,,,,,,,,,,,,,,,,,,,,,,,,,,,,,,,,
66,,,Boom,VLG,,Boom,15810,,,,,,,,,,,,,,,,,,,,,,,,,,,,,,,,,,,,,
67,,,Boortmeerbeek,VLG,,Boortmeerbeek,11570,,,,,,,,,,,,,,,,,,,,,,,,,,,,,,,,,,,,,
68,,,Borgloon,VLG,,Borgloon,9955,,,,,,,,,,,,,,,,,,,,,,,,,,,,,,,,,,,,,
69,,,Bornem,VLG,,Bornem,19997,,,,,,,,,,,,,,,,,,,,,,,,,,,,,,,,,,,,,
70,,,Borsbeek,VLG,,Borsbeek,10334,,,,,,,,,,,,,,,,,,,,,,,,,,,,,,,,,,,,,
71,,,Bouillon,WAL,,Bouillon,5347,,,,,,,,,,,,,,,,,,,,,,,,,,,,,,,,,,,,,
72,,,Boussu,WAL,,Boussu,20058,,,,,,,,,,,,,,,,,,,,,,,,,,,,,,,,,,,,,
73,,,Boutersem,VLG,,Boutersem,7702,,,,,,,,,,,,,,,,,,,,,,,,,,,,,,,,,,,,,
74,,,Braine-l'Alleud,WAL,,Braine-l'Alleud,37512,,,,,,,,,,,,,,,,,,,,,,,,,,,,,,,,,,,,,
75,,,Braine-le-Château,WAL,,Braine-le-Château,9627,,,,,,,,,,,,,,,,,,,,,,,,,,,,,,,,,,,,,
76,,,Braine-le-Comte,WAL,,Braine-le-Comte,20133,,,,,,,,,,,,,,,,,,,,,,,,,,,,,,,,,,,,,
77,,,Braives,WAL,,Braives,5672,,,,,,,,,,,,,,,,,,,,,,,,,,,,,,,,,,,,,
78,,,Brasschaat,VLG,,Brasschaat,37040,,,,,,,,,,,,,,,,,,,,,,,,,,,,,,,,,,,,,
79,,,Brecht,VLG,,Brecht,25908,,,,,,,,,,,,,,,,,,,,,,,,,,,,,,,,,,,,,
80,,,Bredene,VLG,,Bredene,14862,,,,,,,,,,,,,,,,,,,,,,,,,,,,,,,,,,,,,
81,,,Bree,VLG,,Bree,14363,,,,,,,,,,,,,,,,,,,,,,,,,,,,,,,,,,,,,
82,,,Brugelette,WAL,,Brugelette,3358,,,,,,,,,,,,,,,,,,,,,,,,,,,,,,,,,,,,,
83,,,Brugge,VLG,,Brugge,116709,,,,,,,,,,,,,,,,,,,,,,,,,,,,,,,,,,,,,
84,,,Brunehault,WAL,,Brunehault,7592,,,,,,,,,,,,,,,,,,,,,,,,,,,,,,,,,,,,,
85,,,Brussels,BRU,,Brussels,1019022,,,,,,,,,,,,,,,,,,,,,,,,,,,,,,,,,,,,,
86,,,Buggenhout,VLG,,Buggenhout,13510,,,,,,,,,,,,,,,,,,,,,,,,,,,,,,,,,,,,,
87,,,Bullange,WAL,,Bullange,5340,,,,,,,,,,,,,,,,,,,,,,,,,,,,,,,,,,,,,
88,,,Burdinne,WAL,,Burdinne,2799,,,,,,,,,,,,,,,,,,,,,,,,,,,,,,,,,,,,,
89,,,Butgenbach,WAL,,Butgenbach,5516,,,,,,,,,,,,,,,,,,,,,,,,,,,,,,,,,,,,,
90,,,Celles,WAL,,Celles,5471,,,,,,,,,,,,,,,,,,,,,,,,,,,,,,,,,,,,,
91,,,Cerfontaine,WAL,,Cerfontaine,4500,,,,,,,,,,,,,,,,,,,,,,,,,,,,,,,,,,,,,
92,,,Chapelle-lez-Herlaimont,WAL,,Chapelle-lez-Herlaimont,14353,,,,,,,,,,,,,,,,,,,,,,,,,,,,,,,,,,,,,
93,,,Charleroi,WAL,,Charleroi,200132,,,,,,,,,,,,,,,,,,,,,,,,,,,,,,,,,,,,,
94,,,Chasse Royale,WAL,,Chasse Royale,0,,,,,,,,,,,,,,,,,,,,,,,,,,,,,,,,,,,,,
95,,,Chastre,WAL,,Chastre,0,,,,,,,,,,,,,,,,,,,,,,,,,,,,,,,,,,,,,
96,,,Chastre-Villeroux-Blanmont,WAL,,Chastre-Villeroux-Blanmont,6243,,,,,,,,,,,,,,,,,,,,,,,,,,,,,,,,,,,,,
97,,,Chaudfontaine,WAL,,Chaudfontaine,20960,,,,,,,,,,,,,,,,,,,,,,,,,,,,,,,,,,,,,
98,,,Chaumont-Gistoux,WAL,,Chaumont-Gistoux,10943,,,,,,,,,,,,,,,,,,,,,,,,,,,,,,,,,,,,,
99,,,Chimay,WAL,,Chimay,9720,,,,,,,,,,,,,,,,,,,,,,,,,,,,,,,,,,,,,
100,,,Chiny,WAL,,Chiny,4897,,,,,,,,,,,,,,,,,,,,,,,,,,,,,,,,,,,,,
101,,,Chièvres,WAL,,Chièvres,6045,,,,,,,,,,,,,,,,,,,,,,,,,,,,,,,,,,,,,
102,,,Châtelet,WAL,,Châtelet,35238,,,,,,,,,,,,,,,,,,,,,,,,,,,,,,,,,,,,,
103,,,Ciney,WAL,,Ciney,14830,,,,,,,,,,,,,,,,,,,,,,,,,,,,,,,,,,,,,
104,,,Clavier,WAL,,Clavier,4092,,,,,,,,,,,,,,,,,,,,,,,,,,,,,,,,,,,,,
105,,,Colfontaine,WAL,,Colfontaine,19964,,,,,,,,,,,,,,,,,,,,,,,,,,,,,,,,,,,,,
106,,,Comblain-au-Pont,WAL,,Comblain-au-Pont,5308,,,,,,,,,,,,,,,,,,,,,,,,,,,,,,,,,,,,,
107,,,Cortil-Wodon,WAL,,Cortil-Wodon,930,,,,,,,,,,,,,,,,,,,,,,,,,,,,,,,,,,,,,
108,,,Courcelles,WAL,,Courcelles,29473,,,,,,,,,,,,,,,,,,,,,,,,,,,,,,,,,,,,,
109,,,Court-Saint-Étienne,WAL,,Court-Saint-Étienne,9353,,,,,,,,,,,,,,,,,,,,,,,,,,,,,,,,,,,,,
110,,,Couvin,WAL,,Couvin,13518,,,,,,,,,,,,,,,,,,,,,,,,,,,,,,,,,,,,,
111,,,Crisnée,WAL,,Crisnée,2587,,,,,,,,,,,,,,,,,,,,,,,,,,,,,,,,,,,,,
112,,,Dalhem,WAL,,Dalhem,6391,,,,,,,,,,,,,,,,,,,,,,,,,,,,,,,,,,,,,
113,,,Damme,VLG,,Damme,10924,,,,,,,,,,,,,,,,,,,,,,,,,,,,,,,,,,,,,
114,,,Daverdisse,WAL,,Daverdisse,1299,,,,,,,,,,,,,,,,,,,,,,,,,,,,,,,,,,,,,
115,,,De Haan,VLG,,De Haan,11766,,,,,,,,,,,,,,,,,,,,,,,,,,,,,,,,,,,,,
116,,,De Panne,VLG,,De Panne,9799,,,,,,,,,,,,,,,,,,,,,,,,,,,,,,,,,,,,,
117,,,De Pinte,VLG,,De Pinte,10020,,,,,,,,,,,,,,,,,,,,,,,,,,,,,,,,,,,,,
118,,,Deerlijk,VLG,,Deerlijk,11292,,,,,,,,,,,,,,,,,,,,,,,,,,,,,,,,,,,,,
119,,,Deinze,VLG,,Deinze,29815,,,,,,,,,,,,,,,,,,,,,,,,,,,,,,,,,,,,,
120,,,Denderleeuw,VLG,,Denderleeuw,16969,,,,,,,,,,,,,,,,,,,,,,,,,,,,,,,,,,,,,
121,,,Dendermonde,VLG,,Dendermonde,43055,,,,,,,,,,,,,,,,,,,,,,,,,,,,,,,,,,,,,
122,,,Dentergem,VLG,,Dentergem,8038,,,,,,,,,,,,,,,,,,,,,,,,,,,,,,,,,,,,,
123,,,Dessel,VLG,,Dessel,8707,,,,,,,,,,,,,,,,,,,,,,,,,,,,,,,,,,,,,
124,,,Destelbergen,VLG,,Destelbergen,16853,,,,,,,,,,,,,,,,,,,,,,,,,,,,,,,,,,,,,
125,,,Deurne,VLG,,Deurne,78747,,,,,,,,,,,,,,,,,,,,,,,,,,,,,,,,,,,,,
126,,,Diegem,VLG,,Diegem,5001,,,,,,,,,,,,,,,,,,,,,,,,,,,,,,,,,,,,,
127,,,Diepenbeek,VLG,,Diepenbeek,17699,,,,,,,,,,,,,,,,,,,,,,,,,,,,,,,,,,,,,
128,,,Diest,VLG,,Diest,22516,,,,,,,,,,,,,,,,,,,,,,,,,,,,,,,,,,,,,
129,,,Diksmuide,VLG,,Diksmuide,15515,,,,,,,,,,,,,,,,,,,,,,,,,,,,,,,,,,,,,
130,,,Dilbeek,VLG,,Dilbeek,39482,,,,,,,,,,,,,,,,,,,,,,,,,,,,,,,,,,,,,
131,,,Dinant,WAL,,Dinant,12875,,,,,,,,,,,,,,,,,,,,,,,,,,,,,,,,,,,,,
132,,,Dison,WAL,,Dison,13642,,,,,,,,,,,,,,,,,,,,,,,,,,,,,,,,,,,,,
133,,,Doische,WAL,,Doische,2739,,,,,,,,,,,,,,,,,,,,,,,,,,,,,,,,,,,,,
134,,,Donceel,WAL,,Donceel,2712,,,,,,,,,,,,,,,,,,,,,,,,,,,,,,,,,,,,,
135,,,Dour,WAL,,Dour,16861,,,,,,,,,,,,,,,,,,,,,,,,,,,,,,,,,,,,,
136,,,Drogenbos,VLG,,Drogenbos,4843,,,,,,,,,,,,,,,,,,,,,,,,,,,,,,,,,,,,,
137,,,Duffel,VLG,,Duffel,16011,,,,,,,,,,,,,,,,,,,,,,,,,,,,,,,,,,,,,
138,,,Durbuy,WAL,,Durbuy,10251,,,,,,,,,,,,,,,,,,,,,,,,,,,,,,,,,,,,,
139,,,Edegem,VLG,,Edegem,21839,,,,,,,,,,,,,,,,,,,,,,,,,,,,,,,,,,,,,
140,,,Eeklo,VLG,,Eeklo,19116,,,,,,,,,,,,,,,,,,,,,,,,,,,,,,,,,,,,,
141,,,Ellezelles,WAL,,Ellezelles,5566,,,,,,,,,,,,,,,,,,,,,,,,,,,,,,,,,,,,,
142,,,Enghien,WAL,,Enghien,11367,,,,,,,,,,,,,,,,,,,,,,,,,,,,,,,,,,,,,
143,,,Engis,WAL,,Engis,5737,,,,,,,,,,,,,,,,,,,,,,,,,,,,,,,,,,,,,
144,,,Erquelinnes,WAL,,Erquelinnes,9396,,,,,,,,,,,,,,,,,,,,,,,,,,,,,,,,,,,,,
145,,,Esneux,WAL,,Esneux,13497,,,,,,,,,,,,,,,,,,,,,,,,,,,,,,,,,,,,,
146,,,Essen,VLG,,Essen,16754,,,,,,,,,,,,,,,,,,,,,,,,,,,,,,,,,,,,,
147,,,Estaimpuis,WAL,,Estaimpuis,9340,,,,,,,,,,,,,,,,,,,,,,,,,,,,,,,,,,,,,
148,,,Estinnes-au-Val,WAL,,Estinnes-au-Val,7573,,,,,,,,,,,,,,,,,,,,,,,,,,,,,,,,,,,,,
149,,,Eupen,WAL,,Eupen,18029,,,,,,,,,,,,,,,,,,,,,,,,,,,,,,,,,,,,,
150,,,Evergem,VLG,,Evergem,31615,,,,,,,,,,,,,,,,,,,,,,,,,,,,,,,,,,,,,
151,,,Faimes,WAL,,Faimes,3349,,,,,,,,,,,,,,,,,,,,,,,,,,,,,,,,,,,,,
152,,,Farciennes,WAL,,Farciennes,11488,,,,,,,,,,,,,,,,,,,,,,,,,,,,,,,,,,,,,
153,,,Fauvillers,WAL,,Fauvillers,1952,,,,,,,,,,,,,,,,,,,,,,,,,,,,,,,,,,,,,
154,,,Ferrières,WAL,,Ferrières,4434,,,,,,,,,,,,,,,,,,,,,,,,,,,,,,,,,,,,,
155,,,Fexhe-le-Haut-Clocher,WAL,,Fexhe-le-Haut-Clocher,3082,,,,,,,,,,,,,,,,,,,,,,,,,,,,,,,,,,,,,
156,,,Fleurus,WAL,,Fleurus,22080,,,,,,,,,,,,,,,,,,,,,,,,,,,,,,,,,,,,,
157,,,Flobecq,WAL,,Flobecq,3142,,,,,,,,,,,,,,,,,,,,,,,,,,,,,,,,,,,,,
158,,,Floreffe,WAL,,Floreffe,7480,,,,,,,,,,,,,,,,,,,,,,,,,,,,,,,,,,,,,
159,,,Florennes,WAL,,Florennes,10723,,,,,,,,,,,,,,,,,,,,,,,,,,,,,,,,,,,,,
160,,,Florenville,WAL,,Florenville,5464,,,,,,,,,,,,,,,,,,,,,,,,,,,,,,,,,,,,,
161,,,Flémalle-Haute,WAL,,Flémalle-Haute,25144,,,,,,,,,,,,,,,,,,,,,,,,,,,,,,,,,,,,,
162,,,Fléron,WAL,,Fléron,15994,,,,,,,,,,,,,,,,,,,,,,,,,,,,,,,,,,,,,
163,,,Forville,WAL,,Forville,1374,,,,,,,,,,,,,,,,,,,,,,,,,,,,,,,,,,,,,
164,,,Fosses-la-Ville,WAL,,Fosses-la-Ville,9062,,,,,,,,,,,,,,,,,,,,,,,,,,,,,,,,,,,,,
165,,,Frameries,WAL,,Frameries,20598,,,,,,,,,,,,,,,,,,,,,,,,,,,,,,,,,,,,,
166,,,Frasnes-lez-Anvaing,WAL,,Frasnes-lez-Anvaing,0,,,,,,,,,,,,,,,,,,,,,,,,,,,,,,,,,,,,,
167,,,Frasnes-lez-Buissenal,WAL,,Frasnes-lez-Buissenal,10936,,,,,,,,,,,,,,,,,,,,,,,,,,,,,,,,,,,,,
168,,,Froidchapelle,WAL,,Froidchapelle,3579,,,,,,,,,,,,,,,,,,,,,,,,,,,,,,,,,,,,,
169,,,Galmaarden,VLG,,Galmaarden,7939,,,,,,,,,,,,,,,,,,,,,,,,,,,,,,,,,,,,,
170,,,Gavere,VLG,,Gavere,11888,,,,,,,,,,,,,,,,,,,,,,,,,,,,,,,,,,,,,
171,,,Gedinne,WAL,,Gedinne,4416,,,,,,,,,,,,,,,,,,,,,,,,,,,,,,,,,,,,,
172,,,Geel,VLG,,Geel,34697,,,,,,,,,,,,,,,,,,,,,,,,,,,,,,,,,,,,,
173,,,Geer,WAL,,Geer,2682,,,,,,,,,,,,,,,,,,,,,,,,,,,,,,,,,,,,,
174,,,Geetbets,VLG,,Geetbets,5813,,,,,,,,,,,,,,,,,,,,,,,,,,,,,,,,,,,,,
175,,,Gembloux,WAL,,Gembloux,21676,,,,,,,,,,,,,,,,,,,,,,,,,,,,,,,,,,,,,
176,,,Genappe,WAL,,Genappe,14266,,,,,,,,,,,,,,,,,,,,,,,,,,,,,,,,,,,,,
177,,,Genk,VLG,,Genk,63666,,,,,,,,,,,,,,,,,,,,,,,,,,,,,,,,,,,,,
178,,,Gent,VLG,,Gent,231493,,,,,,,,,,,,,,,,,,,,,,,,,,,,,,,,,,,,,
179,,,Geraardsbergen,VLG,,Geraardsbergen,30807,,,,,,,,,,,,,,,,,,,,,,,,,,,,,,,,,,,,,
180,,,Gerpinnes,WAL,,Gerpinnes,11977,,,,,,,,,,,,,,,,,,,,,,,,,,,,,,,,,,,,,
181,,,Gesves,WAL,,Gesves,6150,,,,,,,,,,,,,,,,,,,,,,,,,,,,,,,,,,,,,
182,,,Gingelom,VLG,,Gingelom,7930,,,,,,,,,,,,,,,,,,,,,,,,,,,,,,,,,,,,,
183,,,Gistel,VLG,,Gistel,11084,,,,,,,,,,,,,,,,,,,,,,,,,,,,,,,,,,,,,
184,,,Glabbeek,VLG,,Glabbeek,5070,,,,,,,,,,,,,,,,,,,,,,,,,,,,,,,,,,,,,
185,,,Gooik,VLG,,Gooik,8957,,,,,,,,,,,,,,,,,,,,,,,,,,,,,,,,,,,,,
186,,,Gouvy,WAL,,Gouvy,4706,,,,,,,,,,,,,,,,,,,,,,,,,,,,,,,,,,,,,
187,,,Grez-Doiceau,WAL,,Grez-Doiceau,12367,,,,,,,,,,,,,,,,,,,,,,,,,,,,,,,,,,,,,
188,,,Grimbergen,VLG,,Grimbergen,33561,,,,,,,,,,,,,,,,,,,,,,,,,,,,,,,,,,,,,
189,,,Grobbendonk,VLG,,Grobbendonk,10724,,,,,,,,,,,,,,,,,,,,,,,,,,,,,,,,,,,,,
190,,,Haacht,VLG,,Haacht,13541,,,,,,,,,,,,,,,,,,,,,,,,,,,,,,,,,,,,,
191,,,Haaltert,VLG,,Haaltert,17129,,,,,,,,,,,,,,,,,,,,,,,,,,,,,,,,,,,,,
192,,,Habay-la-Vieille,WAL,,Habay-la-Vieille,7704,,,,,,,,,,,,,,,,,,,,,,,,,,,,,,,,,,,,,
193,,,Halen,VLG,,Halen,8548,,,,,,,,,,,,,,,,,,,,,,,,,,,,,,,,,,,,,
194,,,Halle,VLG,,Halle,34479,,,,,,,,,,,,,,,,,,,,,,,,,,,,,,,,,,,,,
195,,,Hamme,VLG,,Hamme,22891,,,,,,,,,,,,,,,,,,,,,,,,,,,,,,,,,,,,,
196,,,Hamoir,WAL,,Hamoir,3500,,,,,,,,,,,,,,,,,,,,,,,,,,,,,,,,,,,,,
197,,,Hamois,WAL,,Hamois,6662,,,,,,,,,,,,,,,,,,,,,,,,,,,,,,,,,,,,,
198,,,Hannut,WAL,,Hannut,14129,,,,,,,,,,,,,,,,,,,,,,,,,,,,,,,,,,,,,
199,,,Harelbeke,VLG,,Harelbeke,25978,,,,,,,,,,,,,,,,,,,,,,,,,,,,,,,,,,,,,
200,,,Hasselt,VLG,,Hasselt,69222,,,,,,,,,,,,,,,,,,,,,,,,,,,,,,,,,,,,,
201,,,Hastière-Lavaux,WAL,,Hastière-Lavaux,5147,,,,,,,,,,,,,,,,,,,,,,,,,,,,,,,,,,,,,
202,,,Havelange,WAL,,Havelange,4790,,,,,,,,,,,,,,,,,,,,,,,,,,,,,,,,,,,,,
203,,,Heers,VLG,,Heers,6689,,,,,,,,,,,,,,,,,,,,,,,,,,,,,,,,,,,,,
204,,,Heist-op-den-Berg,VLG,,Heist-op-den-Berg,37873,,,,,,,,,,,,,,,,,,,,,,,,,,,,,,,,,,,,,
205,,,Helchteren,VLG,,Helchteren,30050,,,,,,,,,,,,,,,,,,,,,,,,,,,,,,,,,,,,,
206,,,Hemiksem,VLG,,Hemiksem,9504,,,,,,,,,,,,,,,,,,,,,,,,,,,,,,,,,,,,,
207,,,Hemptinne,WAL,,Hemptinne,503,,,,,,,,,,,,,,,,,,,,,,,,,,,,,,,,,,,,,
208,,,Hensies,WAL,,Hensies,6390,,,,,,,,,,,,,,,,,,,,,,,,,,,,,,,,,,,,,
209,,,Herbeumont,WAL,,Herbeumont,1612,,,,,,,,,,,,,,,,,,,,,,,,,,,,,,,,,,,,,
210,,,Herent,VLG,,Herent,19218,,,,,,,,,,,,,,,,,,,,,,,,,,,,,,,,,,,,,
211,,,Herentals,VLG,,Herentals,25912,,,,,,,,,,,,,,,,,,,,,,,,,,,,,,,,,,,,,
212,,,Herenthout,VLG,,Herenthout,8378,,,,,,,,,,,,,,,,,,,,,,,,,,,,,,,,,,,,,
213,,,Herk-de-Stad,VLG,,Herk-de-Stad,11566,,,,,,,,,,,,,,,,,,,,,,,,,,,,,,,,,,,,,
214,,,Herne,VLG,,Herne,6459,,,,,,,,,,,,,,,,,,,,,,,,,,,,,,,,,,,,,
215,,,Herselt,VLG,,Herselt,13493,,,,,,,,,,,,,,,,,,,,,,,,,,,,,,,,,,,,,
216,,,Herstal,WAL,,Herstal,36503,,,,,,,,,,,,,,,,,,,,,,,,,,,,,,,,,,,,,
217,,,Herve,WAL,,Herve,16544,,,,,,,,,,,,,,,,,,,,,,,,,,,,,,,,,,,,,
218,,,Herzele,VLG,,Herzele,16523,,,,,,,,,,,,,,,,,,,,,,,,,,,,,,,,,,,,,
219,,,Heusden,VLG,,Heusden,31017,,,,,,,,,,,,,,,,,,,,,,,,,,,,,,,,,,,,,
220,,,Hingeon,WAL,,Hingeon,844,,,,,,,,,,,,,,,,,,,,,,,,,,,,,,,,,,,,,
221,,,Hoboken,VLG,,Hoboken,34443,,,,,,,,,,,,,,,,,,,,,,,,,,,,,,,,,,,,,
222,,,Hoegaarden,VLG,,Hoegaarden,6110,,,,,,,,,,,,,,,,,,,,,,,,,,,,,,,,,,,,,
223,,,Hoeilaart,VLG,,Hoeilaart,10272,,,,,,,,,,,,,,,,,,,,,,,,,,,,,,,,,,,,,
224,,,Hoeselt,VLG,,Hoeselt,9265,,,,,,,,,,,,,,,,,,,,,,,,,,,,,,,,,,,,,
225,,,Holsbeek,VLG,,Holsbeek,9094,,,,,,,,,,,,,,,,,,,,,,,,,,,,,,,,,,,,,
226,,,Hooglede,VLG,,Hooglede,9900,,,,,,,,,,,,,,,,,,,,,,,,,,,,,,,,,,,,,
227,,,Hoogstraten,VLG,,Hoogstraten,18524,,,,,,,,,,,,,,,,,,,,,,,,,,,,,,,,,,,,,
228,,,Hotton,WAL,,Hotton,4969,,,,,,,,,,,,,,,,,,,,,,,,,,,,,,,,,,,,,
229,,,Houffalize,WAL,,Houffalize,4614,,,,,,,,,,,,,,,,,,,,,,,,,,,,,,,,,,,,,
230,,,Houthalen,VLG,,Houthalen,30050,,,,,,,,,,,,,,,,,,,,,,,,,,,,,,,,,,,,,
231,,,Houthulst,VLG,,Houthulst,8951,,,,,,,,,,,,,,,,,,,,,,,,,,,,,,,,,,,,,
232,,,Houyet,WAL,,Houyet,4505,,,,,,,,,,,,,,,,,,,,,,,,,,,,,,,,,,,,,
233,,,Hove,VLG,,Hove,7968,,,,,,,,,,,,,,,,,,,,,,,,,,,,,,,,,,,,,
234,,,Huldenberg,VLG,,Huldenberg,9137,,,,,,,,,,,,,,,,,,,,,,,,,,,,,,,,,,,,,
235,,,Hulshout,VLG,,Hulshout,9198,,,,,,,,,,,,,,,,,,,,,,,,,,,,,,,,,,,,,
236,,,Huy,WAL,,Huy,19973,,,,,,,,,,,,,,,,,,,,,,,,,,,,,,,,,,,,,
237,,,Héron,WAL,,Héron,4305,,,,,,,,,,,,,,,,,,,,,,,,,,,,,,,,,,,,,
238,,,Ichtegem,VLG,,Ichtegem,13582,,,,,,,,,,,,,,,,,,,,,,,,,,,,,,,,,,,,,
239,,,Ieper,VLG,,Ieper,35089,,,,,,,,,,,,,,,,,,,,,,,,,,,,,,,,,,,,,
240,,,Incourt,WAL,,Incourt,4395,,,,,,,,,,,,,,,,,,,,,,,,,,,,,,,,,,,,,
241,,,Ingelmunster,VLG,,Ingelmunster,10603,,,,,,,,,,,,,,,,,,,,,,,,,,,,,,,,,,,,,
242,,,Ittre,WAL,,Ittre,6014,,,,,,,,,,,,,,,,,,,,,,,,,,,,,,,,,,,,,
243,,,Izegem,VLG,,Izegem,26382,,,,,,,,,,,,,,,,,,,,,,,,,,,,,,,,,,,,,
244,,,Jabbeke,VLG,,Jabbeke,13488,,,,,,,,,,,,,,,,,,,,,,,,,,,,,,,,,,,,,
245,,,Jalhay,WAL,,Jalhay,7688,,,,,,,,,,,,,,,,,,,,,,,,,,,,,,,,,,,,,
246,,,Jodoigne,WAL,,Jodoigne,11930,,,,,,,,,,,,,,,,,,,,,,,,,,,,,,,,,,,,,
247,,,Juprelle,WAL,,Juprelle,8354,,,,,,,,,,,,,,,,,,,,,,,,,,,,,,,,,,,,,
248,,,Jurbise,WAL,,Jurbise,9483,,,,,,,,,,,,,,,,,,,,,,,,,,,,,,,,,,,,,
249,,,Kalmthout,VLG,,Kalmthout,17485,,,,,,,,,,,,,,,,,,,,,,,,,,,,,,,,,,,,,
250,,,Kampenhout,VLG,,Kampenhout,10784,,,,,,,,,,,,,,,,,,,,,,,,,,,,,,,,,,,,,
251,,,Kapelle-op-den-Bos,VLG,,Kapelle-op-den-Bos,8859,,,,,,,,,,,,,,,,,,,,,,,,,,,,,,,,,,,,,
252,,,Kapellen,VLG,,Kapellen,26410,,,,,,,,,,,,,,,,,,,,,,,,,,,,,,,,,,,,,
253,,,Kaprijke,VLG,,Kaprijke,6114,,,,,,,,,,,,,,,,,,,,,,,,,,,,,,,,,,,,,
254,,,Kasterlee,VLG,,Kasterlee,17765,,,,,,,,,,,,,,,,,,,,,,,,,,,,,,,,,,,,,
255,,,Keerbergen,VLG,,Keerbergen,12363,,,,,,,,,,,,,,,,,,,,,,,,,,,,,,,,,,,,,
256,,,Kinrooi,VLG,,Kinrooi,11946,,,,,,,,,,,,,,,,,,,,,,,,,,,,,,,,,,,,,
257,,,Knesselare,VLG,,Knesselare,7889,,,,,,,,,,,,,,,,,,,,,,,,,,,,,,,,,,,,,
258,,,Knokke-Heist,VLG,,Knokke-Heist,33781,,,,,,,,,,,,,,,,,,,,,,,,,,,,,,,,,,,,,
259,,,Koekelare,VLG,,Koekelare,8317,,,,,,,,,,,,,,,,,,,,,,,,,,,,,,,,,,,,,
260,,,Koksijde,VLG,,Koksijde,21027,,,,,,,,,,,,,,,,,,,,,,,,,,,,,,,,,,,,,
261,,,Kontich,VLG,,Kontich,20290,,,,,,,,,,,,,,,,,,,,,,,,,,,,,,,,,,,,,
262,,,Kortemark,VLG,,Kortemark,11937,,,,,,,,,,,,,,,,,,,,,,,,,,,,,,,,,,,,,
263,,,Kortenaken,VLG,,Kortenaken,7374,,,,,,,,,,,,,,,,,,,,,,,,,,,,,,,,,,,,,
264,,,Kortenberg,VLG,,Kortenberg,17774,,,,,,,,,,,,,,,,,,,,,,,,,,,,,,,,,,,,,
265,,,Kortessem,VLG,,Kortessem,8042,,,,,,,,,,,,,,,,,,,,,,,,,,,,,,,,,,,,,
266,,,Kortrijk,VLG,,Kortrijk,73879,,,,,,,,,,,,,,,,,,,,,,,,,,,,,,,,,,,,,
267,,,Kraainem,VLG,,Kraainem,12815,,,,,,,,,,,,,,,,,,,,,,,,,,,,,,,,,,,,,
268,,,Kruibeke,VLG,,Kruibeke,14815,,,,,,,,,,,,,,,,,,,,,,,,,,,,,,,,,,,,,
269,,,Kruishoutem,VLG,,Kruishoutem,8179,,,,,,,,,,,,,,,,,,,,,,,,,,,,,,,,,,,,,
270,,,Kuurne,VLG,,Kuurne,12638,,,,,,,,,,,,,,,,,,,,,,,,,,,,,,,,,,,,,
271,,,La Bruyère,WAL,,La Bruyère,8194,,,,,,,,,,,,,,,,,,,,,,,,,,,,,,,,,,,,,
272,,,La Calamine,WAL,,La Calamine,10232,,,,,,,,,,,,,,,,,,,,,,,,,,,,,,,,,,,,,
273,,,La Hulpe,WAL,,La Hulpe,7415,,,,,,,,,,,,,,,,,,,,,,,,,,,,,,,,,,,,,
274,,,La Louvière,WAL,,La Louvière,76668,,,,,,,,,,,,,,,,,,,,,,,,,,,,,,,,,,,,,
275,,,La Roche-en-Ardenne,WAL,,La Roche-en-Ardenne,4200,,,,,,,,,,,,,,,,,,,,,,,,,,,,,,,,,,,,,
276,,,Laakdal,VLG,,Laakdal,0,,,,,,,,,,,,,,,,,,,,,,,,,,,,,,,,,,,,,
277,,,Laarne,VLG,,Laarne,11600,,,,,,,,,,,,,,,,,,,,,,,,,,,,,,,,,,,,,
278,,,Lanaken,VLG,,Lanaken,24771,,,,,,,,,,,,,,,,,,,,,,,,,,,,,,,,,,,,,
279,,,Landen,VLG,,Landen,14458,,,,,,,,,,,,,,,,,,,,,,,,,,,,,,,,,,,,,
280,,,Lebbeke,VLG,,Lebbeke,17372,,,,,,,,,,,,,,,,,,,,,,,,,,,,,,,,,,,,,
281,,,Lede,VLG,,Lede,16813,,,,,,,,,,,,,,,,,,,,,,,,,,,,,,,,,,,,,
282,,,Ledeberg,VLG,,Ledeberg,1500,,,,,,,,,,,,,,,,,,,,,,,,,,,,,,,,,,,,,
283,,,Ledeberg,VLG,,Ledeberg,8454,,,,,,,,,,,,,,,,,,,,,,,,,,,,,,,,,,,,,
284,,,Ledegem,VLG,,Ledegem,9102,,,,,,,,,,,,,,,,,,,,,,,,,,,,,,,,,,,,,
285,,,Lendelede,VLG,,Lendelede,5393,,,,,,,,,,,,,,,,,,,,,,,,,,,,,,,,,,,,,
286,,,Lennik,VLG,,Lennik,0,,,,,,,,,,,,,,,,,,,,,,,,,,,,,,,,,,,,,
287,,,Lens,WAL,,Lens,3902,,,,,,,,,,,,,,,,,,,,,,,,,,,,,,,,,,,,,
288,,,Leopoldsburg,VLG,,Leopoldsburg,14149,,,,,,,,,,,,,,,,,,,,,,,,,,,,,,,,,,,,,
289,,,Lessines,WAL,,Lessines,17687,,,,,,,,,,,,,,,,,,,,,,,,,,,,,,,,,,,,,
290,,,Leuven,VLG,,Leuven,92892,,,,,,,,,,,,,,,,,,,,,,,,,,,,,,,,,,,,,
291,,,Libin,WAL,,Libin,4609,,,,,,,,,,,,,,,,,,,,,,,,,,,,,,,,,,,,,
292,,,Lichtervelde,VLG,,Lichtervelde,8169,,,,,,,,,,,,,,,,,,,,,,,,,,,,,,,,,,,,,
293,,,Liedekerke,VLG,,Liedekerke,11980,,,,,,,,,,,,,,,,,,,,,,,,,,,,,,,,,,,,,
294,,,Lier,VLG,,Lier,33272,,,,,,,,,,,,,,,,,,,,,,,,,,,,,,,,,,,,,
295,,,Lierneux,WAL,,Lierneux,3332,,,,,,,,,,,,,,,,,,,,,,,,,,,,,,,,,,,,,
296,,,Lille,VLG,,Lille,15466,,,,,,,,,,,,,,,,,,,,,,,,,,,,,,,,,,,,,
297,,,Limbourg,WAL,,Limbourg,5612,,,,,,,,,,,,,,,,,,,,,,,,,,,,,,,,,,,,,
298,,,Lincent,WAL,,Lincent,2884,,,,,,,,,,,,,,,,,,,,,,,,,,,,,,,,,,,,,
299,,,Linkebeek,VLG,,Linkebeek,4823,,,,,,,,,,,,,,,,,,,,,,,,,,,,,,,,,,,,,
300,,,Lint,VLG,,Lint,7982,,,,,,,,,,,,,,,,,,,,,,,,,,,,,,,,,,,,,
301,,,Liège,WAL,,Liège,182597,,,,,,,,,,,,,,,,,,,,,,,,,,,,,,,,,,,,,
302,,,Lobbes,WAL,,Lobbes,5467,,,,,,,,,,,,,,,,,,,,,,,,,,,,,,,,,,,,,
303,,,Lochristi,VLG,,Lochristi,19696,,,,,,,,,,,,,,,,,,,,,,,,,,,,,,,,,,,,,
304,,,Lokeren,VLG,,Lokeren,37567,,,,,,,,,,,,,,,,,,,,,,,,,,,,,,,,,,,,,
305,,,Lommel,VLG,,Lommel,31993,,,,,,,,,,,,,,,,,,,,,,,,,,,,,,,,,,,,,
306,,,Londerzeel,VLG,,Londerzeel,17274,,,,,,,,,,,,,,,,,,,,,,,,,,,,,,,,,,,,,
307,,,Lontzen,WAL,,Lontzen,4862,,,,,,,,,,,,,,,,,,,,,,,,,,,,,,,,,,,,,
308,,,Louvain-la-Neuve,WAL,,Louvain-la-Neuve,29521,,,,,,,,,,,,,,,,,,,,,,,,,,,,,,,,,,,,,
309,,,Lovendegem,VLG,,Lovendegem,9272,,,,,,,,,,,,,,,,,,,,,,,,,,,,,,,,,,,,,
310,,,Lubbeek,VLG,,Lubbeek,13574,,,,,,,,,,,,,,,,,,,,,,,,,,,,,,,,,,,,,
311,,,Lummen,VLG,,Lummen,13689,,,,,,,,,,,,,,,,,,,,,,,,,,,,,,,,,,,,,
312,,,Léglise,WAL,,Léglise,3865,,,,,,,,,,,,,,,,,,,,,,,,,,,,,,,,,,,,,
313,,,Maaseik,VLG,,Maaseik,23684,,,,,,,,,,,,,,,,,,,,,,,,,,,,,,,,,,,,,
314,,,Maasmechelen,VLG,,Maasmechelen,36251,,,,,,,,,,,,,,,,,,,,,,,,,,,,,,,,,,,,,
315,,,Machelen,VLG,,Machelen,12252,,,,,,,,,,,,,,,,,,,,,,,,,,,,,,,,,,,,,
316,,,Maldegem,VLG,,Maldegem,22092,,,,,,,,,,,,,,,,,,,,,,,,,,,,,,,,,,,,,
317,,,Malmédy,WAL,,Malmédy,11514,,,,,,,,,,,,,,,,,,,,,,,,,,,,,,,,,,,,,
318,,,Manage,WAL,,Manage,22196,,,,,,,,,,,,,,,,,,,,,,,,,,,,,,,,,,,,,
319,,,Manhay,WAL,,Manhay,3128,,,,,,,,,,,,,,,,,,,,,,,,,,,,,,,,,,,,,
320,,,Marche-en-Famenne,WAL,,Marche-en-Famenne,16856,,,,,,,,,,,,,,,,,,,,,,,,,,,,,,,,,,,,,
321,,,Marchin,WAL,,Marchin,5063,,,,,,,,,,,,,,,,,,,,,,,,,,,,,,,,,,,,,
322,,,Marchovelette,WAL,,Marchovelette,798,,,,,,,,,,,,,,,,,,,,,,,,,,,,,,,,,,,,,
323,,,Martelange,WAL,,Martelange,1440,,,,,,,,,,,,,,,,,,,,,,,,,,,,,,,,,,,,,
324,,,Mechelen,VLG,,Mechelen,77530,,,,,,,,,,,,,,,,,,,,,,,,,,,,,,,,,,,,,
325,,,Meerhout,VLG,,Meerhout,9346,,,,,,,,,,,,,,,,,,,,,,,,,,,,,,,,,,,,,
326,,,Meise,VLG,,Meise,18497,,,,,,,,,,,,,,,,,,,,,,,,,,,,,,,,,,,,,
327,,,Meix-devant-Virton,WAL,,Meix-devant-Virton,2637,,,,,,,,,,,,,,,,,,,,,,,,,,,,,,,,,,,,,
328,,,Melle,VLG,,Melle,10687,,,,,,,,,,,,,,,,,,,,,,,,,,,,,,,,,,,,,
329,,,Menen,VLG,,Menen,31916,,,,,,,,,,,,,,,,,,,,,,,,,,,,,,,,,,,,,
330,,,Merbes-le-Château,WAL,,Merbes-le-Château,3999,,,,,,,,,,,,,,,,,,,,,,,,,,,,,,,,,,,,,
331,,,Merchtem,VLG,,Merchtem,14660,,,,,,,,,,,,,,,,,,,,,,,,,,,,,,,,,,,,,
332,,,Merelbeke,VLG,,Merelbeke,22047,,,,,,,,,,,,,,,,,,,,,,,,,,,,,,,,,,,,,
333,,,Merksplas,VLG,,Merksplas,7963,,,,,,,,,,,,,,,,,,,,,,,,,,,,,,,,,,,,,
334,,,Messancy,WAL,,Messancy,7144,,,,,,,,,,,,,,,,,,,,,,,,,,,,,,,,,,,,,
335,,,Messines,VLG,,Messines,975,,,,,,,,,,,,,,,,,,,,,,,,,,,,,,,,,,,,,
336,,,Mettet,WAL,,Mettet,12014,,,,,,,,,,,,,,,,,,,,,,,,,,,,,,,,,,,,,
337,,,Meulebeke,VLG,,Meulebeke,10948,,,,,,,,,,,,,,,,,,,,,,,,,,,,,,,,,,,,,
338,,,Middelkerke,VLG,,Middelkerke,17789,,,,,,,,,,,,,,,,,,,,,,,,,,,,,,,,,,,,,
339,,,Modave,WAL,,Modave,3825,,,,,,,,,,,,,,,,,,,,,,,,,,,,,,,,,,,,,
340,,,Moerbeke,VLG,,Moerbeke,5855,,,,,,,,,,,,,,,,,,,,,,,,,,,,,,,,,,,,,
341,,,Mol,VLG,,Mol,32659,,,,,,,,,,,,,,,,,,,,,,,,,,,,,,,,,,,,,
342,,,Momignies,WAL,,Momignies,5183,,,,,,,,,,,,,,,,,,,,,,,,,,,,,,,,,,,,,
343,,,Mons,WAL,,Mons,91277,,,,,,,,,,,,,,,,,,,,,,,,,,,,,,,,,,,,,
344,,,Mons-lez-Liège,WAL,,Mons-lez-Liège,3595,,,,,,,,,,,,,,,,,,,,,,,,,,,,,,,,,,,,,
345,,,Mont-Saint-Guibert,WAL,,Mont-Saint-Guibert,6557,,,,,,,,,,,,,,,,,,,,,,,,,,,,,,,,,,,,,
346,,,Moorslede,VLG,,Moorslede,10720,,,,,,,,,,,,,,,,,,,,,,,,,,,,,,,,,,,,,
347,,,Morlanwelz-Mariemont,WAL,,Morlanwelz-Mariemont,18233,,,,,,,,,,,,,,,,,,,,,,,,,,,,,,,,,,,,,
348,,,Mortsel,VLG,,Mortsel,24525,,,,,,,,,,,,,,,,,,,,,,,,,,,,,,,,,,,,,
349,,,Mouscron,WAL,,Mouscron,52069,,,,,,,,,,,,,,,,,,,,,,,,,,,,,,,,,,,,,
350,,,Musson,WAL,,Musson,4225,,,,,,,,,,,,,,,,,,,,,,,,,,,,,,,,,,,,,
351,,,Namur,WAL,,Namur,106284,,,,,,,,,,,,,,,,,,,,,,,,,,,,,,,,,,,,,
352,,,Nandrin,WAL,,Nandrin,5480,,,,,,,,,,,,,,,,,,,,,,,,,,,,,,,,,,,,,
353,,,Nassogne,WAL,,Nassogne,5081,,,,,,,,,,,,,,,,,,,,,,,,,,,,,,,,,,,,,
354,,,Nazareth,VLG,,Nazareth,10890,,,,,,,,,,,,,,,,,,,,,,,,,,,,,,,,,,,,,
355,,,Neerpelt,VLG,,Neerpelt,16122,,,,,,,,,,,,,,,,,,,,,,,,,,,,,,,,,,,,,
356,,,Neufchâteau,WAL,,Neufchâteau,6416,,,,,,,,,,,,,,,,,,,,,,,,,,,,,,,,,,,,,
357,,,Nevele,VLG,,Nevele,11153,,,,,,,,,,,,,,,,,,,,,,,,,,,,,,,,,,,,,
358,,,Niel,VLG,,Niel,8656,,,,,,,,,,,,,,,,,,,,,,,,,,,,,,,,,,,,,
359,,,Nieuwerkerken,VLG,,Nieuwerkerken,6466,,,,,,,,,,,,,,,,,,,,,,,,,,,,,,,,,,,,,
360,,,Nieuwpoort,VLG,,Nieuwpoort,10845,,,,,,,,,,,,,,,,,,,,,,,,,,,,,,,,,,,,,
361,,,Nijlen,VLG,,Nijlen,20792,,,,,,,,,,,,,,,,,,,,,,,,,,,,,,,,,,,,,
362,,,Ninove,VLG,,Ninove,34795,,,,,,,,,,,,,,,,,,,,,,,,,,,,,,,,,,,,,
363,,,Nivelles,WAL,,Nivelles,24149,,,,,,,,,,,,,,,,,,,,,,,,,,,,,,,,,,,,,
364,,,Noville-les-Bois,WAL,,Noville-les-Bois,1426,,,,,,,,,,,,,,,,,,,,,,,,,,,,,,,,,,,,,
365,,,Ohey,WAL,,Ohey,4324,,,,,,,,,,,,,,,,,,,,,,,,,,,,,,,,,,,,,
366,,,Olen,VLG,,Olen,11070,,,,,,,,,,,,,,,,,,,,,,,,,,,,,,,,,,,,,
367,,,Olne,WAL,,Olne,3836,,,,,,,,,,,,,,,,,,,,,,,,,,,,,,,,,,,,,
368,,,Onhaye,WAL,,Onhaye,3014,,,,,,,,,,,,,,,,,,,,,,,,,,,,,,,,,,,,,
369,,,Oostduinkerke,VLG,,Oostduinkerke,8534,,,,,,,,,,,,,,,,,,,,,,,,,,,,,,,,,,,,,
370,,,Oosterzele,VLG,,Oosterzele,13151,,,,,,,,,,,,,,,,,,,,,,,,,,,,,,,,,,,,,
371,,,Oostkamp,VLG,,Oostkamp,21489,,,,,,,,,,,,,,,,,,,,,,,,,,,,,,,,,,,,,
372,,,Oostmalle,VLG,,Oostmalle,7034,,,,,,,,,,,,,,,,,,,,,,,,,,,,,,,,,,,,,
373,,,Oostrozebeke,VLG,,Oostrozebeke,7489,,,,,,,,,,,,,,,,,,,,,,,,,,,,,,,,,,,,,
374,,,Opglabbeek,VLG,,Opglabbeek,9452,,,,,,,,,,,,,,,,,,,,,,,,,,,,,,,,,,,,,
375,,,Opwijk,VLG,,Opwijk,12045,,,,,,,,,,,,,,,,,,,,,,,,,,,,,,,,,,,,,
376,,,Oreye,WAL,,Oreye,3373,,,,,,,,,,,,,,,,,,,,,,,,,,,,,,,,,,,,,
377,,,Ostend,VLG,,Ostend,69011,,,,,,,,,,,,,,,,,,,,,,,,,,,,,,,,,,,,,
378,,,Ottignies,WAL,,Ottignies,9557,,,,,,,,,,,,,,,,,,,,,,,,,,,,,,,,,,,,,
379,,,Oud-Heverlee,VLG,,Oud-Heverlee,10533,,,,,,,,,,,,,,,,,,,,,,,,,,,,,,,,,,,,,
380,,,Oud-Turnhout,VLG,,Oud-Turnhout,12354,,,,,,,,,,,,,,,,,,,,,,,,,,,,,,,,,,,,,
381,,,Oudenaarde,VLG,,Oudenaarde,27935,,,,,,,,,,,,,,,,,,,,,,,,,,,,,,,,,,,,,
382,,,Oudenburg,VLG,,Oudenburg,8752,,,,,,,,,,,,,,,,,,,,,,,,,,,,,,,,,,,,,
383,,,Ouffet,WAL,,Ouffet,2477,,,,,,,,,,,,,,,,,,,,,,,,,,,,,,,,,,,,,
384,,,Oupeye,WAL,,Oupeye,23594,,,,,,,,,,,,,,,,,,,,,,,,,,,,,,,,,,,,,
385,,,Overijse,VLG,,Overijse,23486,,,,,,,,,,,,,,,,,,,,,,,,,,,,,,,,,,,,,
386,,,Overpelt,VLG,,Overpelt,13344,,,,,,,,,,,,,,,,,,,,,,,,,,,,,,,,,,,,,
387,,,Paliseul,WAL,,Paliseul,5037,,,,,,,,,,,,,,,,,,,,,,,,,,,,,,,,,,,,,
388,,,Pecq,WAL,,Pecq,5301,,,,,,,,,,,,,,,,,,,,,,,,,,,,,,,,,,,,,
389,,,Peer,VLG,,Peer,15551,,,,,,,,,,,,,,,,,,,,,,,,,,,,,,,,,,,,,
390,,,Pepingen,VLG,,Pepingen,4261,,,,,,,,,,,,,,,,,,,,,,,,,,,,,,,,,,,,,
391,,,Pepinster,WAL,,Pepinster,9530,,,,,,,,,,,,,,,,,,,,,,,,,,,,,,,,,,,,,
392,,,Perre,VLG,,Perre,3000,,,,,,,,,,,,,,,,,,,,,,,,,,,,,,,,,,,,,
393,,,Perwez,WAL,,Perwez,7340,,,,,,,,,,,,,,,,,,,,,,,,,,,,,,,,,,,,,
394,,,Philippeville,WAL,,Philippeville,8051,,,,,,,,,,,,,,,,,,,,,,,,,,,,,,,,,,,,,
395,,,Pittem,VLG,,Pittem,6589,,,,,,,,,,,,,,,,,,,,,,,,,,,,,,,,,,,,,
396,,,Plombières,WAL,,Plombières,9596,,,,,,,,,,,,,,,,,,,,,,,,,,,,,,,,,,,,,
397,,,Pont-à-Celles,WAL,,Pont-à-Celles,15909,,,,,,,,,,,,,,,,,,,,,,,,,,,,,,,,,,,,,
398,,,Pontillas,WAL,,Pontillas,591,,,,,,,,,,,,,,,,,,,,,,,,,,,,,,,,,,,,,
399,,,Poperinge,VLG,,Poperinge,19537,,,,,,,,,,,,,,,,,,,,,,,,,,,,,,,,,,,,,
400,,,Profondeville,WAL,,Profondeville,11401,,,,,,,,,,,,,,,,,,,,,,,,,,,,,,,,,,,,,
401,,,Putte,VLG,,Putte,15276,,,,,,,,,,,,,,,,,,,,,,,,,,,,,,,,,,,,,
402,,,Puurs,VLG,,Puurs,15944,,,,,,,,,,,,,,,,,,,,,,,,,,,,,,,,,,,,,
403,,,Péruwelz,WAL,,Péruwelz,16647,,,,,,,,,,,,,,,,,,,,,,,,,,,,,,,,,,,,,
404,,,Quaregnon,WAL,,Quaregnon,18491,,,,,,,,,,,,,,,,,,,,,,,,,,,,,,,,,,,,,
405,,,Quiévrain,WAL,,Quiévrain,6560,,,,,,,,,,,,,,,,,,,,,,,,,,,,,,,,,,,,,
406,,,Quévy-le-Petit,WAL,,Quévy-le-Petit,7689,,,,,,,,,,,,,,,,,,,,,,,,,,,,,,,,,,,,,
407,,,Raeren,WAL,,Raeren,9925,,,,,,,,,,,,,,,,,,,,,,,,,,,,,,,,,,,,,
408,,,Ramillies,WAL,,Ramillies,5749,,,,,,,,,,,,,,,,,,,,,,,,,,,,,,,,,,,,,
409,,,Ranst,VLG,,Ranst,17405,,,,,,,,,,,,,,,,,,,,,,,,,,,,,,,,,,,,,
410,,,Ravels,VLG,,Ravels,13560,,,,,,,,,,,,,,,,,,,,,,,,,,,,,,,,,,,,,
411,,,Rebecq-Rognon,WAL,,Rebecq-Rognon,10049,,,,,,,,,,,,,,,,,,,,,,,,,,,,,,,,,,,,,
412,,,Remicourt,WAL,,Remicourt,5050,,,,,,,,,,,,,,,,,,,,,,,,,,,,,,,,,,,,,
413,,,Rendeux,WAL,,Rendeux,2320,,,,,,,,,,,,,,,,,,,,,,,,,,,,,,,,,,,,,
414,,,Retie,VLG,,Retie,10069,,,,,,,,,,,,,,,,,,,,,,,,,,,,,,,,,,,,,
415,,,Riemst,VLG,,Riemst,15809,,,,,,,,,,,,,,,,,,,,,,,,,,,,,,,,,,,,,
416,,,Rijkevorsel,VLG,,Rijkevorsel,10606,,,,,,,,,,,,,,,,,,,,,,,,,,,,,,,,,,,,,
417,,,Rixensart,WAL,,Rixensart,21616,,,,,,,,,,,,,,,,,,,,,,,,,,,,,,,,,,,,,
418,,,Rochefort,WAL,,Rochefort,11978,,,,,,,,,,,,,,,,,,,,,,,,,,,,,,,,,,,,,
419,,,Roeselare,VLG,,Roeselare,56016,,,,,,,,,,,,,,,,,,,,,,,,,,,,,,,,,,,,,
420,,,Roeulx,WAL,,Roeulx,7968,,,,,,,,,,,,,,,,,,,,,,,,,,,,,,,,,,,,,
421,,,Ronse,VLG,,Ronse,24204,,,,,,,,,,,,,,,,,,,,,,,,,,,,,,,,,,,,,
422,,,Rotselaar,VLG,,Rotselaar,15007,,,,,,,,,,,,,,,,,,,,,,,,,,,,,,,,,,,,,
423,,,Rouvroy,WAL,,Rouvroy,1946,,,,,,,,,,,,,,,,,,,,,,,,,,,,,,,,,,,,,
424,,,Ruiselede,VLG,,Ruiselede,5129,,,,,,,,,,,,,,,,,,,,,,,,,,,,,,,,,,,,,
425,,,Rumes,WAL,,Rumes,4918,,,,,,,,,,,,,,,,,,,,,,,,,,,,,,,,,,,,,
426,,,Rumst,VLG,,Rumst,14521,,,,,,,,,,,,,,,,,,,,,,,,,,,,,,,,,,,,,
427,,,Saint-Ghislain,WAL,,Saint-Ghislain,22500,,,,,,,,,,,,,,,,,,,,,,,,,,,,,,,,,,,,,
428,,,Saint-Hubert,WAL,,Saint-Hubert,5538,,,,,,,,,,,,,,,,,,,,,,,,,,,,,,,,,,,,,
429,,,Saint-Léger,WAL,,Saint-Léger,3092,,,,,,,,,,,,,,,,,,,,,,,,,,,,,,,,,,,,,
430,,,Saint-Nicolas,WAL,,Saint-Nicolas,22586,,,,,,,,,,,,,,,,,,,,,,,,,,,,,,,,,,,,,
431,,,Saint-Vith,WAL,,Saint-Vith,9135,,,,,,,,,,,,,,,,,,,,,,,,,,,,,,,,,,,,,
432,,,Saint-Yvon,WAL,,Saint-Yvon,0,,,,,,,,,,,,,,,,,,,,,,,,,,,,,,,,,,,,,
433,,,Sainte-Ode,WAL,,Sainte-Ode,2310,,,,,,,,,,,,,,,,,,,,,,,,,,,,,,,,,,,,,
434,,,Schelle,VLG,,Schelle,7675,,,,,,,,,,,,,,,,,,,,,,,,,,,,,,,,,,,,,
435,,,Scherpenheuvel-Zichem,VLG,,Scherpenheuvel-Zichem,0,,,,,,,,,,,,,,,,,,,,,,,,,,,,,,,,,,,,,
436,,,Schilde,VLG,,Schilde,20373,,,,,,,,,,,,,,,,,,,,,,,,,,,,,,,,,,,,,
437,,,Schoten,VLG,,Schoten,33622,,,,,,,,,,,,,,,,,,,,,,,,,,,,,,,,,,,,,
438,,,Seneffe,WAL,,Seneffe,11025,,,,,,,,,,,,,,,,,,,,,,,,,,,,,,,,,,,,,
439,,,Seraing,WAL,,Seraing,60737,,,,,,,,,,,,,,,,,,,,,,,,,,,,,,,,,,,,,
440,,,Silly,WAL,,Silly,7887,,,,,,,,,,,,,,,,,,,,,,,,,,,,,,,,,,,,,
441,,,Sint-Amands,VLG,,Sint-Amands,7653,,,,,,,,,,,,,,,,,,,,,,,,,,,,,,,,,,,,,
442,,,Sint-Genesius-Rode,VLG,,Sint-Genesius-Rode,17990,,,,,,,,,,,,,,,,,,,,,,,,,,,,,,,,,,,,,
443,,,Sint-Gillis-Waas,VLG,,Sint-Gillis-Waas,17658,,,,,,,,,,,,,,,,,,,,,,,,,,,,,,,,,,,,,
444,,,Sint-Joris,VLG,,Sint-Joris,2400,,,,,,,,,,,,,,,,,,,,,,,,,,,,,,,,,,,,,
445,,,Sint-Katelijne-Waver,VLG,,Sint-Katelijne-Waver,19487,,,,,,,,,,,,,,,,,,,,,,,,,,,,,,,,,,,,,
446,,,Sint-Kruis,VLG,,Sint-Kruis,16000,,,,,,,,,,,,,,,,,,,,,,,,,,,,,,,,,,,,,
447,,,Sint-Laureins,VLG,,Sint-Laureins,6657,,,,,,,,,,,,,,,,,,,,,,,,,,,,,,,,,,,,,
448,,,Sint-Lievens-Houtem,VLG,,Sint-Lievens-Houtem,9146,,,,,,,,,,,,,,,,,,,,,,,,,,,,,,,,,,,,,
449,,,Sint-Margriete,VLG,,Sint-Margriete,657,,,,,,,,,,,,,,,,,,,,,,,,,,,,,,,,,,,,,
450,,,Sint-Maria-Lierde,VLG,,Sint-Maria-Lierde,6449,,,,,,,,,,,,,,,,,,,,,,,,,,,,,,,,,,,,,
451,,,Sint-Martens-Latem,VLG,,Sint-Martens-Latem,8303,,,,,,,,,,,,,,,,,,,,,,,,,,,,,,,,,,,,,
452,,,Sint-Martens-Lennik,VLG,,Sint-Martens-Lennik,8818,,,,,,,,,,,,,,,,,,,,,,,,,,,,,,,,,,,,,
453,,,Sint-Niklaas,VLG,,Sint-Niklaas,69010,,,,,,,,,,,,,,,,,,,,,,,,,,,,,,,,,,,,,
454,,,Sint-Pieters-Leeuw,VLG,,Sint-Pieters-Leeuw,30446,,,,,,,,,,,,,,,,,,,,,,,,,,,,,,,,,,,,,
455,,,Sint-Pieters-Voeren,VLG,,Sint-Pieters-Voeren,4235,,,,,,,,,,,,,,,,,,,,,,,,,,,,,,,,,,,,,
456,,,Sint-Truiden,VLG,,Sint-Truiden,37859,,,,,,,,,,,,,,,,,,,,,,,,,,,,,,,,,,,,,
457,,,Soignies,WAL,,Soignies,24869,,,,,,,,,,,,,,,,,,,,,,,,,,,,,,,,,,,,,
458,,,Sombreffe,WAL,,Sombreffe,7452,,,,,,,,,,,,,,,,,,,,,,,,,,,,,,,,,,,,,
459,,,Somme-Leuze,WAL,,Somme-Leuze,4532,,,,,,,,,,,,,,,,,,,,,,,,,,,,,,,,,,,,,
460,,,Soumagne,WAL,,Soumagne,15237,,,,,,,,,,,,,,,,,,,,,,,,,,,,,,,,,,,,,
461,,,Spa,WAL,,Spa,10756,,,,,,,,,,,,,,,,,,,,,,,,,,,,,,,,,,,,,
462,,,Sprimont,WAL,,Sprimont,12945,,,,,,,,,,,,,,,,,,,,,,,,,,,,,,,,,,,,,
463,,,Stabroek,VLG,,Stabroek,17294,,,,,,,,,,,,,,,,,,,,,,,,,,,,,,,,,,,,,
464,,,Staden,VLG,,Staden,10786,,,,,,,,,,,,,,,,,,,,,,,,,,,,,,,,,,,,,
465,,,Stavelot,WAL,,Stavelot,6646,,,,,,,,,,,,,,,,,,,,,,,,,,,,,,,,,,,,,
466,,,Steenokkerzeel,VLG,,Steenokkerzeel,10566,,,,,,,,,,,,,,,,,,,,,,,,,,,,,,,,,,,,,
467,,,Stekene,VLG,,Stekene,16989,,,,,,,,,,,,,,,,,,,,,,,,,,,,,,,,,,,,,
468,,,Stoumont,WAL,,Stoumont,2970,,,,,,,,,,,,,,,,,,,,,,,,,,,,,,,,,,,,,
469,,,Tellin,WAL,,Tellin,2353,,,,,,,,,,,,,,,,,,,,,,,,,,,,,,,,,,,,,
470,,,Temse,VLG,,Temse,26054,,,,,,,,,,,,,,,,,,,,,,,,,,,,,,,,,,,,,
471,,,Tenneville,WAL,,Tenneville,2510,,,,,,,,,,,,,,,,,,,,,,,,,,,,,,,,,,,,,
472,,,Terkoest,VLG,,Terkoest,2350,,,,,,,,,,,,,,,,,,,,,,,,,,,,,,,,,,,,,
473,,,Ternat,VLG,,Ternat,14569,,,,,,,,,,,,,,,,,,,,,,,,,,,,,,,,,,,,,
474,,,Tervuren,VLG,,Tervuren,20623,,,,,,,,,,,,,,,,,,,,,,,,,,,,,,,,,,,,,
475,,,Tessenderlo,VLG,,Tessenderlo,16574,,,,,,,,,,,,,,,,,,,,,,,,,,,,,,,,,,,,,
476,,,Theux,WAL,,Theux,11587,,,,,,,,,,,,,,,,,,,,,,,,,,,,,,,,,,,,,
477,,,Thuin,WAL,,Thuin,14682,,,,,,,,,,,,,,,,,,,,,,,,,,,,,,,,,,,,,
478,,,Tielt,VLG,,Tielt,19299,,,,,,,,,,,,,,,,,,,,,,,,,,,,,,,,,,,,,
479,,,Tienen,VLG,,Tienen,31743,,,,,,,,,,,,,,,,,,,,,,,,,,,,,,,,,,,,,
480,,,Tinlot,WAL,,Tinlot,2236,,,,,,,,,,,,,,,,,,,,,,,,,,,,,,,,,,,,,
481,,,Tintigny,WAL,,Tintigny,3538,,,,,,,,,,,,,,,,,,,,,,,,,,,,,,,,,,,,,
482,,,Tongeren,VLG,,Tongeren,29816,,,,,,,,,,,,,,,,,,,,,,,,,,,,,,,,,,,,,
483,,,Torhout,VLG,,Torhout,18933,,,,,,,,,,,,,,,,,,,,,,,,,,,,,,,,,,,,,
484,,,Tournai,WAL,,Tournai,67721,,,,,,,,,,,,,,,,,,,,,,,,,,,,,,,,,,,,,
485,,,Tremelo,VLG,,Tremelo,13721,,,,,,,,,,,,,,,,,,,,,,,,,,,,,,,,,,,,,
486,,,Trois-Ponts,WAL,,Trois-Ponts,2533,,,,,,,,,,,,,,,,,,,,,,,,,,,,,,,,,,,,,
487,,,Trooz,WAL,,Trooz,7559,,,,,,,,,,,,,,,,,,,,,,,,,,,,,,,,,,,,,
488,,,Tubize,WAL,,Tubize,21859,,,,,,,,,,,,,,,,,,,,,,,,,,,,,,,,,,,,,
489,,,Turnhout,VLG,,Turnhout,39654,,,,,,,,,,,,,,,,,,,,,,,,,,,,,,,,,,,,,
490,,,Vaux-sur-Sûre,WAL,,Vaux-sur-Sûre,4581,,,,,,,,,,,,,,,,,,,,,,,,,,,,,,,,,,,,,
491,,,Verlaine,WAL,,Verlaine,3600,,,,,,,,,,,,,,,,,,,,,,,,,,,,,,,,,,,,,
492,,,Verviers,WAL,,Verviers,52824,,,,,,,,,,,,,,,,,,,,,,,,,,,,,,,,,,,,,
493,,,Veurne,VLG,,Veurne,11983,,,,,,,,,,,,,,,,,,,,,,,,,,,,,,,,,,,,,
494,,,Vielsalm,WAL,,Vielsalm,7291,,,,,,,,,,,,,,,,,,,,,,,,,,,,,,,,,,,,,
495,,,Villers-la-Ville,WAL,,Villers-la-Ville,9592,,,,,,,,,,,,,,,,,,,,,,,,,,,,,,,,,,,,,
496,,,Villers-le-Bouillet,WAL,,Villers-le-Bouillet,6059,,,,,,,,,,,,,,,,,,,,,,,,,,,,,,,,,,,,,
497,,,Vilvoorde,VLG,,Vilvoorde,36955,,,,,,,,,,,,,,,,,,,,,,,,,,,,,,,,,,,,,
498,,,Virton,WAL,,Virton,11259,,,,,,,,,,,,,,,,,,,,,,,,,,,,,,,,,,,,,
499,,,Visé,WAL,,Visé,17054,,,,,,,,,,,,,,,,,,,,,,,,,,,,,,,,,,,,,
500,,,Vorselaar,VLG,,Vorselaar,7238,,,,,,,,,,,,,,,,,,,,,,,,,,,,,,,,,,,,,
501,,,Vosselaar,VLG,,Vosselaar,10317,,,,,,,,,,,,,,,,,,,,,,,,,,,,,,,,,,,,,
502,,,Waarschoot,VLG,,Waarschoot,7762,,,,,,,,,,,,,,,,,,,,,,,,,,,,,,,,,,,,,
503,,,Waasmunster,VLG,,Waasmunster,10460,,,,,,,,,,,,,,,,,,,,,,,,,,,,,,,,,,,,,
504,,,Wachtebeke,VLG,,Wachtebeke,6911,,,,,,,,,,,,,,,,,,,,,,,,,,,,,,,,,,,,,
505,,,Waimes,WAL,,Waimes,6661,,,,,,,,,,,,,,,,,,,,,,,,,,,,,,,,,,,,,
506,,,Walcourt,WAL,,Walcourt,17501,,,,,,,,,,,,,,,,,,,,,,,,,,,,,,,,,,,,,
507,,,Walhain-Saint-Paul,WAL,,Walhain-Saint-Paul,5992,,,,,,,,,,,,,,,,,,,,,,,,,,,,,,,,,,,,,
508,,,Wanze,WAL,,Wanze,12918,,,,,,,,,,,,,,,,,,,,,,,,,,,,,,,,,,,,,
509,,,Waregem,VLG,,Waregem,35896,,,,,,,,,,,,,,,,,,,,,,,,,,,,,,,,,,,,,
510,,,Waremme,WAL,,Waremme,13737,,,,,,,,,,,,,,,,,,,,,,,,,,,,,,,,,,,,,
511,,,Wasseiges,WAL,,Wasseiges,2471,,,,,,,,,,,,,,,,,,,,,,,,,,,,,,,,,,,,,
512,,,Waterloo,WAL,,Waterloo,29778,,,,,,,,,,,,,,,,,,,,,,,,,,,,,,,,,,,,,
513,,,Wavre,WAL,,Wavre,32112,,,,,,,,,,,,,,,,,,,,,,,,,,,,,,,,,,,,,
514,,,Welkenraedt,WAL,,Welkenraedt,9006,,,,,,,,,,,,,,,,,,,,,,,,,,,,,,,,,,,,,
515,,,Wellen,VLG,,Wellen,6804,,,,,,,,,,,,,,,,,,,,,,,,,,,,,,,,,,,,,
516,,,Wellin,WAL,,Wellin,2937,,,,,,,,,,,,,,,,,,,,,,,,,,,,,,,,,,,,,
517,,,Wemmel,VLG,,Wemmel,14406,,,,,,,,,,,,,,,,,,,,,,,,,,,,,,,,,,,,,
518,,,Wenduine,VLG,,Wenduine,4003,,,,,,,,,,,,,,,,,,,,,,,,,,,,,,,,,,,,,
519,,,Wervik,VLG,,Wervik,17340,,,,,,,,,,,,,,,,,,,,,,,,,,,,,,,,,,,,,
520,,,Westerlo,VLG,,Westerlo,22579,,,,,,,,,,,,,,,,,,,,,,,,,,,,,,,,,,,,,
521,,,Wetteren,VLG,,Wetteren,22930,,,,,,,,,,,,,,,,,,,,,,,,,,,,,,,,,,,,,
522,,,Wevelgem,VLG,,Wevelgem,30954,,,,,,,,,,,,,,,,,,,,,,,,,,,,,,,,,,,,,
523,,,Wezembeek-Oppem,VLG,,Wezembeek-Oppem,13245,,,,,,,,,,,,,,,,,,,,,,,,,,,,,,,,,,,,,
524,,,Wichelen,VLG,,Wichelen,11014,,,,,,,,,,,,,,,,,,,,,,,,,,,,,,,,,,,,,
525,,,Wielsbeke,VLG,,Wielsbeke,8828,,,,,,,,,,,,,,,,,,,,,,,,,,,,,,,,,,,,,
526,,,Wijnegem,VLG,,Wijnegem,8932,,,,,,,,,,,,,,,,,,,,,,,,,,,,,,,,,,,,,
527,,,Willebroek,VLG,,Willebroek,22808,,,,,,,,,,,,,,,,,,,,,,,,,,,,,,,,,,,,,
528,,,Wingene,VLG,,Wingene,12887,,,,,,,,,,,,,,,,,,,,,,,,,,,,,,,,,,,,,
529,,,Wommelgem,VLG,,Wommelgem,11917,,,,,,,,,,,,,,,,,,,,,,,,,,,,,,,,,,,,,
530,,,Wuustwezel,VLG,,Wuustwezel,18117,,,,,,,,,,,,,,,,,,,,,,,,,,,,,,,,,,,,,
531,,,Yvoir,WAL,,Yvoir,8169,,,,,,,,,,,,,,,,,,,,,,,,,,,,,,,,,,,,,
532,,,Zandhoven,VLG,,Zandhoven,12306,,,,,,,,,,,,,,,,,,,,,,,,,,,,,,,,,,,,,
533,,,Zaventem,VLG,,Zaventem,28188,,,,,,,,,,,,,,,,,,,,,,,,,,,,,,,,,,,,,
534,,,Zedelgem,VLG,,Zedelgem,21968,,,,,,,,,,,,,,,,,,,,,,,,,,,,,,,,,,,,,
535,,,Zeebrugge,VLG,,Zeebrugge,4500,,,,,,,,,,,,,,,,,,,,,,,,,,,,,,,,,,,,,
536,,,Zele,VLG,,Zele,20236,,,,,,,,,,,,,,,,,,,,,,,,,,,,,,,,,,,,,
537,,,Zelzate,VLG,,Zelzate,11901,,,,,,,,,,,,,,,,,,,,,,,,,,,,,,,,,,,,,
538,,,Zemst,VLG,,Zemst,21096,,,,,,,,,,,,,,,,,,,,,,,,,,,,,,,,,,,,,
539,,,Zingem,VLG,,Zingem,6588,,,,,,,,,,,,,,,,,,,,,,,,,,,,,,,,,,,,,
540,,,Zoersel,VLG,,Zoersel,20642,,,,,,,,,,,,,,,,,,,,,,,,,,,,,,,,,,,,,
541,,,Zomergem,VLG,,Zomergem,8158,,,,,,,,,,,,,,,,,,,,,,,,,,,,,,,,,,,,,
542,,,Zonhoven,VLG,,Zonhoven,19922,,,,,,,,,,,,,,,,,,,,,,,,,,,,,,,,,,,,,
543,,,Zonnebeke,VLG,,Zonnebeke,11581,,,,,,,,,,,,,,,,,,,,,,,,,,,,,,,,,,,,,
544,,,Zottegem,VLG,,Zottegem,24434,,,,,,,,,,,,,,,,,,,,,,,,,,,,,,,,,,,,,
545,,,Zoutleeuw,VLG,,Zoutleeuw,7897,,,,,,,,,,,,,,,,,,,,,,,,,,,,,,,,,,,,,
546,,,Zuienkerke,VLG,,Zuienkerke,2736,,,,,,,,,,,,,,,,,,,,,,,,,,,,,,,,,,,,,
547,,,Zulte,VLG,,Zulte,14670,,,,,,,,,,,,,,,,,,,,,,,,,,,,,,,,,,,,,
548,,,Zutendaal,VLG,,Zutendaal,6962,,,,,,,,,,,,,,,,,,,,,,,,,,,,,,,,,,,,,
549,,,Zwevegem,VLG,,Zwevegem,23358,,,,,,,,,,,,,,,,,,,,,,,,,,,,,,,,,,,,,
550,,,Zwijndrecht,VLG,,Zwijndrecht,18249,,,,,,,,,,,,,,,,,,,,,,,,,,,,,,,,,,,,,
551,,,Écaussinnes-d'Enghien,WAL,,Écaussinnes-d'Enghien,9802,,,,,,,,,,,,,,,,,,,,,,,,,,,,,,,,,,,,,
552,,,Éghezée,WAL,,Éghezée,14352,,,,,,,,,,,,,,,,,,,,,,,,,,,,,,,,,,,,,
553,,,Érezée,WAL,,Érezée,2930,,,,,,,,,,,,,,,,,,,,,,,,,,,,,,,,,,,,,
554,,,Étalle,WAL,,Étalle,5228,,,,,,,,,,,,,,,,,,,,,,,,,,,,,,,,,,,,,
