ID,COUNTY,NAME,STNAME,POPESTIMATE2015,CTYNAME,TOT_POP,TOT_MALE,TOT_FEMALE,"WHITE,HISPANIC","BLACK,ASIAN","NATIVE,OTHER",1,2,3,4,5,6,7,8,9,10,11,12,13,14,15,16,17,18,00..10,10..15,15..25,25..35,35..50,50..75,75..100,100..150,150..200,200..999,LESS_THAN_HS,HS_DEGREE,SOME_COLLEGE,BS_DEGRE
,,Abbekås,27,,Abbekås,757,.5,.5,,,,,,,,,,,,,,,,,,,,,,,,,,,,,,,,,,,
,,Abborrberget,10,,Abborrberget,1814,.5,.5,,,,,,,,,,,,,,,,,,,,,,,,,,,,,,,,,,,
,,Akalla,26,,Akalla,8153,.5,.5,,,,,,,,,,,,,,,,,,,,,,,,,,,,,,,,,,,
,,Alafors,28,,Alafors,0,.5,.5,,,,,,,,,,,,,,,,,,,,,,,,,,,,,,,,,,,
,,Alby,26,,Alby,11400,.5,.5,,,,,,,,,,,,,,,,,,,,,,,,,,,,,,,,,,,
,,Alfta,03,,Alfta,2348,.5,.5,,,,,,,,,,,,,,,,,,,,,,,,,,,,,,,,,,,
,,Algutsrum,09,,Algutsrum,862,.5,.5,,,,,,,,,,,,,,,,,,,,,,,,,,,,,,,,,,,
,,Alingsås,28,,Alingsås,26329,.5,.5,,,,,,,,,,,,,,,,,,,,,,,,,,,,,,,,,,,
,,Allerum,27,,Allerum,722,.5,.5,,,,,,,,,,,,,,,,,,,,,,,,,,,,,,,,,,,
,,Almunge,21,,Almunge,816,.5,.5,,,,,,,,,,,,,,,,,,,,,,,,,,,,,,,,,,,
,,Alsike,21,,Alsike,3833,.5,.5,,,,,,,,,,,,,,,,,,,,,,,,,,,,,,,,,,,
,,Alster,22,,Alster,756,.5,.5,,,,,,,,,,,,,,,,,,,,,,,,,,,,,,,,,,,
,,Alstermo,12,,Alstermo,836,.5,.5,,,,,,,,,,,,,,,,,,,,,,,,,,,,,,,,,,,
,,Alunda,21,,Alunda,2506,.5,.5,,,,,,,,,,,,,,,,,,,,,,,,,,,,,,,,,,,
,,Alunda,21,,Alunda,2224,.5,.5,,,,,,,,,,,,,,,,,,,,,,,,,,,,,,,,,,,
,,Alvesta,12,,Alvesta,8627,.5,.5,,,,,,,,,,,,,,,,,,,,,,,,,,,,,,,,,,,
,,Alvik,14,,Alvik,771,.5,.5,,,,,,,,,,,,,,,,,,,,,,,,,,,,,,,,,,,
,,Alvik,26,,Alvik,990,.5,.5,,,,,,,,,,,,,,,,,,,,,,,,,,,,,,,,,,,
,,Ammenäs,28,,Ammenäs,563,.5,.5,,,,,,,,,,,,,,,,,,,,,,,,,,,,,,,,,,,
,,Andalen,28,,Andalen,1897,.5,.5,,,,,,,,,,,,,,,,,,,,,,,,,,,,,,,,,,,
,,Anderslöv,27,,Anderslöv,1963,.5,.5,,,,,,,,,,,,,,,,,,,,,,,,,,,,,,,,,,,
,,Anderstorp,28,,Anderstorp,4987,.5,.5,,,,,,,,,,,,,,,,,,,,,,,,,,,,,,,,,,,
,,Anderstorp,08,,Anderstorp,5076,.5,.5,,,,,,,,,,,,,,,,,,,,,,,,,,,,,,,,,,,
,,Aneby,08,,Aneby,3496,.5,.5,,,,,,,,,,,,,,,,,,,,,,,,,,,,,,,,,,,
,,Angered,28,,Angered,1062,.5,.5,,,,,,,,,,,,,,,,,,,,,,,,,,,,,,,,,,,
,,Ankarsrum,09,,Ankarsrum,1234,.5,.5,,,,,,,,,,,,,,,,,,,,,,,,,,,,,,,,,,,
,,Ankarsvik,24,,Ankarsvik,986,.5,.5,,,,,,,,,,,,,,,,,,,,,,,,,,,,,,,,,,,
,,Anneberg,08,,Anneberg,834,.5,.5,,,,,,,,,,,,,,,,,,,,,,,,,,,,,,,,,,,
,,Anneberg,21,,Anneberg,1398,.5,.5,,,,,,,,,,,,,,,,,,,,,,,,,,,,,,,,,,,
,,Annelund,25,,Annelund,503,.5,.5,,,,,,,,,,,,,,,,,,,,,,,,,,,,,,,,,,,
,,Annelund,28,,Annelund,1226,.5,.5,,,,,,,,,,,,,,,,,,,,,,,,,,,,,,,,,,,
,,Antnäs,14,,Antnäs,889,.5,.5,,,,,,,,,,,,,,,,,,,,,,,,,,,,,,,,,,,
,,Arboga,25,,Arboga,10841,.5,.5,,,,,,,,,,,,,,,,,,,,,,,,,,,,,,,,,,,
,,Arbrå,03,,Arbrå,1961,.5,.5,,,,,,,,,,,,,,,,,,,,,,,,,,,,,,,,,,,
,,Ardala,28,,Ardala,745,.5,.5,,,,,,,,,,,,,,,,,,,,,,,,,,,,,,,,,,,
,,Arild,27,,Arild,713,.5,.5,,,,,,,,,,,,,,,,,,,,,,,,,,,,,,,,,,,
,,Arjeplog,14,,Arjeplog,1822,.5,.5,,,,,,,,,,,,,,,,,,,,,,,,,,,,,,,,,,,
,,Arkelstorp,27,,Arkelstorp,772,.5,.5,,,,,,,,,,,,,,,,,,,,,,,,,,,,,,,,,,,
,,Arkelstorp,27,,Arkelstorp,815,.5,.5,,,,,,,,,,,,,,,,,,,,,,,,,,,,,,,,,,,
,,Arlöv,27,,Arlöv,9108,.5,.5,,,,,,,,,,,,,,,,,,,,,,,,,,,,,,,,,,,
,,Arnö,18,,Arnö,4124,.5,.5,,,,,,,,,,,,,,,,,,,,,,,,,,,,,,,,,,,
,,Arnö,26,,Arnö,3925,.5,.5,,,,,,,,,,,,,,,,,,,,,,,,,,,,,,,,,,,
,,Arvidsjaur,14,,Arvidsjaur,4655,.5,.5,,,,,,,,,,,,,,,,,,,,,,,,,,,,,,,,,,,
,,Arvika,22,,Arvika,13926,.5,.5,,,,,,,,,,,,,,,,,,,,,,,,,,,,,,,,,,,
,,Aröd,28,,Aröd,873,.5,.5,,,,,,,,,,,,,,,,,,,,,,,,,,,,,,,,,,,
,,Askeby,16,,Askeby,503,.5,.5,,,,,,,,,,,,,,,,,,,,,,,,,,,,,,,,,,,
,,Askersund,15,,Askersund,3997,.5,.5,,,,,,,,,,,,,,,,,,,,,,,,,,,,,,,,,,,
,,Asmundtorp,27,,Asmundtorp,1563,.5,.5,,,,,,,,,,,,,,,,,,,,,,,,,,,,,,,,,,,
,,Avesta,10,,Avesta,11949,.5,.5,,,,,,,,,,,,,,,,,,,,,,,,,,,,,,,,,,,
,,Axvall,28,,Axvall,1164,.5,.5,,,,,,,,,,,,,,,,,,,,,,,,,,,,,,,,,,,
,,Backa,10,,Backa,575,.5,.5,,,,,,,,,,,,,,,,,,,,,,,,,,,,,,,,,,,
,,Backa,23,,Backa,1516,.5,.5,,,,,,,,,,,,,,,,,,,,,,,,,,,,,,,,,,,
,,Backe,07,,Backe,535,.5,.5,,,,,,,,,,,,,,,,,,,,,,,,,,,,,,,,,,,
,,Baggetorp,15,,Baggetorp,519,.5,.5,,,,,,,,,,,,,,,,,,,,,,,,,,,,,,,,,,,
,,Bankeryd,08,,Bankeryd,8506,.5,.5,,,,,,,,,,,,,,,,,,,,,,,,,,,,,,,,,,,
,,Bara,27,,Bara,3743,.5,.5,,,,,,,,,,,,,,,,,,,,,,,,,,,,,,,,,,,
,,Bara,18,,Bara,3270,.5,.5,,,,,,,,,,,,,,,,,,,,,,,,,,,,,,,,,,,
,,Barkarö,25,,Barkarö,1404,.5,.5,,,,,,,,,,,,,,,,,,,,,,,,,,,,,,,,,,,
,,Barnarp,08,,Barnarp,724,.5,.5,,,,,,,,,,,,,,,,,,,,,,,,,,,,,,,,,,,
,,Barsebäck,27,,Barsebäck,689,.5,.5,,,,,,,,,,,,,,,,,,,,,,,,,,,,,,,,,,,
,,Bengtsfors,28,,Bengtsfors,3125,.5,.5,,,,,,,,,,,,,,,,,,,,,,,,,,,,,,,,,,,
,,Bengtsheden,10,,Bengtsheden,537,.5,.5,,,,,,,,,,,,,,,,,,,,,,,,,,,,,,,,,,,
,,Bensbyn,14,,Bensbyn,602,.5,.5,,,,,,,,,,,,,,,,,,,,,,,,,,,,,,,,,,,
,,Berg,16,,Berg,1229,.5,.5,,,,,,,,,,,,,,,,,,,,,,,,,,,,,,,,,,,
,,Berga,09,,Berga,713,.5,.5,,,,,,,,,,,,,,,,,,,,,,,,,,,,,,,,,,,
,,Bergby,03,,Bergby,1549,.5,.5,,,,,,,,,,,,,,,,,,,,,,,,,,,,,,,,,,,
,,Bergeforsen,24,,Bergeforsen,1787,.5,.5,,,,,,,,,,,,,,,,,,,,,,,,,,,,,,,,,,,
,,Bergkvara,09,,Bergkvara,1021,.5,.5,,,,,,,,,,,,,,,,,,,,,,,,,,,,,,,,,,,
,,Bergnäset,14,,Bergnäset,3604,.5,.5,,,,,,,,,,,,,,,,,,,,,,,,,,,,,,,,,,,
,,Bergshammar,18,,Bergshammar,801,.5,.5,,,,,,,,,,,,,,,,,,,,,,,,,,,,,,,,,,,
,,Bergshamra,26,,Bergshamra,7300,.5,.5,,,,,,,,,,,,,,,,,,,,,,,,,,,,,,,,,,,
,,Bergshamra,26,,Bergshamra,572,.5,.5,,,,,,,,,,,,,,,,,,,,,,,,,,,,,,,,,,,
,,Bergsjö,03,,Bergsjö,1292,.5,.5,,,,,,,,,,,,,,,,,,,,,,,,,,,,,,,,,,,
,,Bergsviken,14,,Bergsviken,2251,.5,.5,,,,,,,,,,,,,,,,,,,,,,,,,,,,,,,,,,,
,,Bergvik,03,,Bergvik,719,.5,.5,,,,,,,,,,,,,,,,,,,,,,,,,,,,,,,,,,,
,,Bestorp,16,,Bestorp,510,.5,.5,,,,,,,,,,,,,,,,,,,,,,,,,,,,,,,,,,,
,,Bie,18,,Bie,510,.5,.5,,,,,,,,,,,,,,,,,,,,,,,,,,,,,,,,,,,
,,Billdal,28,,Billdal,14874,.5,.5,,,,,,,,,,,,,,,,,,,,,,,,,,,,,,,,,,,
,,Billeberga,27,,Billeberga,1050,.5,.5,,,,,,,,,,,,,,,,,,,,,,,,,,,,,,,,,,,
,,Billesholm,27,,Billesholm,2794,.5,.5,,,,,,,,,,,,,,,,,,,,,,,,,,,,,,,,,,,
,,Billingsfors,28,,Billingsfors,1108,.5,.5,,,,,,,,,,,,,,,,,,,,,,,,,,,,,,,,,,,
,,Bjurholm,23,,Bjurholm,1000,.5,.5,,,,,,,,,,,,,,,,,,,,,,,,,,,,,,,,,,,
,,Bjursås,10,,Bjursås,1968,.5,.5,,,,,,,,,,,,,,,,,,,,,,,,,,,,,,,,,,,
,,Bjuv,27,,Bjuv,10602,.5,.5,,,,,,,,,,,,,,,,,,,,,,,,,,,,,,,,,,,
,,Bjärnum,27,,Bjärnum,2755,.5,.5,,,,,,,,,,,,,,,,,,,,,,,,,,,,,,,,,,,
,,Bjärred,27,,Bjärred,9844,.5,.5,,,,,,,,,,,,,,,,,,,,,,,,,,,,,,,,,,,
,,Bjästa,24,,Bjästa,1845,.5,.5,,,,,,,,,,,,,,,,,,,,,,,,,,,,,,,,,,,
,,Björbo,10,,Björbo,658,.5,.5,,,,,,,,,,,,,,,,,,,,,,,,,,,,,,,,,,,
,,Björboholm,28,,Björboholm,1036,.5,.5,,,,,,,,,,,,,,,,,,,,,,,,,,,,,,,,,,,
,,Björke,03,,Björke,661,.5,.5,,,,,,,,,,,,,,,,,,,,,,,,,,,,,,,,,,,
,,Björketorp,28,,Björketorp,514,.5,.5,,,,,,,,,,,,,,,,,,,,,,,,,,,,,,,,,,,
,,Björklinge,21,,Björklinge,3186,.5,.5,,,,,,,,,,,,,,,,,,,,,,,,,,,,,,,,,,,
,,Björkskatan,14,,Björkskatan,4388,.5,.5,,,,,,,,,,,,,,,,,,,,,,,,,,,,,,,,,,,
,,Björkvik,23,,Björkvik,511,.5,.5,,,,,,,,,,,,,,,,,,,,,,,,,,,,,,,,,,,
,,Björkö,28,,Björkö,1495,.5,.5,,,,,,,,,,,,,,,,,,,,,,,,,,,,,,,,,,,
,,Björlanda,28,,Björlanda,23088,.5,.5,,,,,,,,,,,,,,,,,,,,,,,,,,,,,,,,,,,
,,Björneborg,22,,Björneborg,1237,.5,.5,,,,,,,,,,,,,,,,,,,,,,,,,,,,,,,,,,,
,,Björnlunda,18,,Björnlunda,838,.5,.5,,,,,,,,,,,,,,,,,,,,,,,,,,,,,,,,,,,
,,Björnänge,07,,Björnänge,630,.5,.5,,,,,,,,,,,,,,,,,,,,,,,,,,,,,,,,,,,
,,Björnås,27,,Björnås,808,.5,.5,,,,,,,,,,,,,,,,,,,,,,,,,,,,,,,,,,,
,,Blentarp,27,,Blentarp,1452,.5,.5,,,,,,,,,,,,,,,,,,,,,,,,,,,,,,,,,,,
,,Blidsberg,28,,Blidsberg,540,.5,.5,,,,,,,,,,,,,,,,,,,,,,,,,,,,,,,,,,,
,,Blomstermåla,09,,Blomstermåla,2380,.5,.5,,,,,,,,,,,,,,,,,,,,,,,,,,,,,,,,,,,
,,Boda,10,,Boda,528,.5,.5,,,,,,,,,,,,,,,,,,,,,,,,,,,,,,,,,,,
,,Boda,21,,Boda,576,.5,.5,,,,,,,,,,,,,,,,,,,,,,,,,,,,,,,,,,,
,,Bodafors,08,,Bodafors,1957,.5,.5,,,,,,,,,,,,,,,,,,,,,,,,,,,,,,,,,,,
,,Boden,14,,Boden,16830,.5,.5,,,,,,,,,,,,,,,,,,,,,,,,,,,,,,,,,,,
,,Boliden,23,,Boliden,1661,.5,.5,,,,,,,,,,,,,,,,,,,,,,,,,,,,,,,,,,,
,,Bollebygd,28,,Bollebygd,3870,.5,.5,,,,,,,,,,,,,,,,,,,,,,,,,,,,,,,,,,,
,,Bollmora,26,,Bollmora,0,.5,.5,,,,,,,,,,,,,,,,,,,,,,,,,,,,,,,,,,,
,,Bollnäs,03,,Bollnäs,13716,.5,.5,,,,,,,,,,,,,,,,,,,,,,,,,,,,,,,,,,,
,,Bollstabruk,24,,Bollstabruk,1883,.5,.5,,,,,,,,,,,,,,,,,,,,,,,,,,,,,,,,,,,
,,Boo,26,,Boo,24052,.5,.5,,,,,,,,,,,,,,,,,,,,,,,,,,,,,,,,,,,
,,Bor,08,,Bor,1263,.5,.5,,,,,,,,,,,,,,,,,,,,,,,,,,,,,,,,,,,
,,Borensberg,16,,Borensberg,2942,.5,.5,,,,,,,,,,,,,,,,,,,,,,,,,,,,,,,,,,,
,,Borgholm,09,,Borgholm,4344,.5,.5,,,,,,,,,,,,,,,,,,,,,,,,,,,,,,,,,,,
,,Borlänge,10,,Borlänge,41955,.5,.5,,,,,,,,,,,,,,,,,,,,,,,,,,,,,,,,,,,
,,Borrby,27,,Borrby,975,.5,.5,,,,,,,,,,,,,,,,,,,,,,,,,,,,,,,,,,,
,,Borås,28,,Borås,71700,.5,.5,,,,,,,,,,,,,,,,,,,,,,,,,,,,,,,,,,,
,,Bottnaryd,08,,Bottnaryd,717,.5,.5,,,,,,,,,,,,,,,,,,,,,,,,,,,,,,,,,,,
,,Boxholm,16,,Boxholm,3269,.5,.5,,,,,,,,,,,,,,,,,,,,,,,,,,,,,,,,,,,
,,Brastad,28,,Brastad,2289,.5,.5,,,,,,,,,,,,,,,,,,,,,,,,,,,,,,,,,,,
,,Braås,12,,Braås,1692,.5,.5,,,,,,,,,,,,,,,,,,,,,,,,,,,,,,,,,,,
,,Bredaryd,08,,Bredaryd,1549,.5,.5,,,,,,,,,,,,,,,,,,,,,,,,,,,,,,,,,,,
,,Bredbyn,24,,Bredbyn,1200,.5,.5,,,,,,,,,,,,,,,,,,,,,,,,,,,,,,,,,,,
,,Bredsand,21,,Bredsand,874,.5,.5,,,,,,,,,,,,,,,,,,,,,,,,,,,,,,,,,,,
,,Brevik,26,,Brevik,1817,.5,.5,,,,,,,,,,,,,,,,,,,,,,,,,,,,,,,,,,,
,,Brevik,26,,Brevik,8024,.5,.5,,,,,,,,,,,,,,,,,,,,,,,,,,,,,,,,,,,
,,Bro,26,,Bro,8266,.5,.5,,,,,,,,,,,,,,,,,,,,,,,,,,,,,,,,,,,
,,Broby,27,,Broby,3104,.5,.5,,,,,,,,,,,,,,,,,,,,,,,,,,,,,,,,,,,
,,Bromma,26,,Bromma,61000,.5,.5,,,,,,,,,,,,,,,,,,,,,,,,,,,,,,,,,,,
,,Bromölla,27,,Bromölla,7854,.5,.5,,,,,,,,,,,,,,,,,,,,,,,,,,,,,,,,,,,
,,Brunflo,07,,Brunflo,3916,.5,.5,,,,,,,,,,,,,,,,,,,,,,,,,,,,,,,,,,,
,,Brunn,26,,Brunn,1180,.5,.5,,,,,,,,,,,,,,,,,,,,,,,,,,,,,,,,,,,
,,Brunna,26,,Brunna,3948,.5,.5,,,,,,,,,,,,,,,,,,,,,,,,,,,,,,,,,,,
,,Brunna,10,,Brunna,3861,.5,.5,,,,,,,,,,,,,,,,,,,,,,,,,,,,,,,,,,,
,,Bräcke,07,,Bräcke,1559,.5,.5,,,,,,,,,,,,,,,,,,,,,,,,,,,,,,,,,,,
,,Bräkne-Hoby,02,,Bräkne-Hoby,1708,.5,.5,,,,,,,,,,,,,,,,,,,,,,,,,,,,,,,,,,,
,,Brännö,28,,Brännö,918,.5,.5,,,,,,,,,,,,,,,,,,,,,,,,,,,,,,,,,,,
,,Brålanda,28,,Brålanda,1521,.5,.5,,,,,,,,,,,,,,,,,,,,,,,,,,,,,,,,,,,
,,Brösarp,27,,Brösarp,719,.5,.5,,,,,,,,,,,,,,,,,,,,,,,,,,,,,,,,,,,
,,Bua,06,,Bua,1792,.5,.5,,,,,,,,,,,,,,,,,,,,,,,,,,,,,,,,,,,
,,Bunkeflostrand,27,,Bunkeflostrand,13048,.5,.5,,,,,,,,,,,,,,,,,,,,,,,,,,,,,,,,,,,
,,Bureå,23,,Bureå,2533,.5,.5,,,,,,,,,,,,,,,,,,,,,,,,,,,,,,,,,,,
,,Burseryd,08,,Burseryd,859,.5,.5,,,,,,,,,,,,,,,,,,,,,,,,,,,,,,,,,,,
,,Burseryd,08,,Burseryd,932,.5,.5,,,,,,,,,,,,,,,,,,,,,,,,,,,,,,,,,,,
,,Burträsk,23,,Burträsk,1573,.5,.5,,,,,,,,,,,,,,,,,,,,,,,,,,,,,,,,,,,
,,Bygdeå,23,,Bygdeå,512,.5,.5,,,,,,,,,,,,,,,,,,,,,,,,,,,,,,,,,,,
,,Byske,23,,Byske,1785,.5,.5,,,,,,,,,,,,,,,,,,,,,,,,,,,,,,,,,,,
,,Bäckefors,28,,Bäckefors,709,.5,.5,,,,,,,,,,,,,,,,,,,,,,,,,,,,,,,,,,,
,,Bälinge,21,,Bälinge,2406,.5,.5,,,,,,,,,,,,,,,,,,,,,,,,,,,,,,,,,,,
,,Bäsna,10,,Bäsna,655,.5,.5,,,,,,,,,,,,,,,,,,,,,,,,,,,,,,,,,,,
,,Bålsta,21,,Bålsta,13138,.5,.5,,,,,,,,,,,,,,,,,,,,,,,,,,,,,,,,,,,
,,Bårslöv,27,,Bårslöv,2753,.5,.5,,,,,,,,,,,,,,,,,,,,,,,,,,,,,,,,,,,
,,Båstad,27,,Båstad,5146,.5,.5,,,,,,,,,,,,,,,,,,,,,,,,,,,,,,,,,,,
,,Bönan,03,,Bönan,859,.5,.5,,,,,,,,,,,,,,,,,,,,,,,,,,,,,,,,,,,
,,Charlottenberg,22,,Charlottenberg,2368,.5,.5,,,,,,,,,,,,,,,,,,,,,,,,,,,,,,,,,,,
,,Dalarö,26,,Dalarö,1849,.5,.5,,,,,,,,,,,,,,,,,,,,,,,,,,,,,,,,,,,
,,Dalby,27,,Dalby,6302,.5,.5,,,,,,,,,,,,,,,,,,,,,,,,,,,,,,,,,,,
,,Dals Långed,28,,Dals Långed,1407,.5,.5,,,,,,,,,,,,,,,,,,,,,,,,,,,,,,,,,,,
,,Dals Rostock,28,,Dals Rostock,882,.5,.5,,,,,,,,,,,,,,,,,,,,,,,,,,,,,,,,,,,
,,Dalsjöfors,28,,Dalsjöfors,3606,.5,.5,,,,,,,,,,,,,,,,,,,,,,,,,,,,,,,,,,,
,,Dalstorp,28,,Dalstorp,734,.5,.5,,,,,,,,,,,,,,,,,,,,,,,,,,,,,,,,,,,
,,Dalum,28,,Dalum,651,.5,.5,,,,,,,,,,,,,,,,,,,,,,,,,,,,,,,,,,,
,,Degeberga,27,,Degeberga,1328,.5,.5,,,,,,,,,,,,,,,,,,,,,,,,,,,,,,,,,,,
,,Degerfors,15,,Degerfors,7190,.5,.5,,,,,,,,,,,,,,,,,,,,,,,,,,,,,,,,,,,
,,Deje,22,,Deje,2702,.5,.5,,,,,,,,,,,,,,,,,,,,,,,,,,,,,,,,,,,
,,Delsbo,03,,Delsbo,2185,.5,.5,,,,,,,,,,,,,,,,,,,,,,,,,,,,,,,,,,,
,,Dingersjö,24,,Dingersjö,906,.5,.5,,,,,,,,,,,,,,,,,,,,,,,,,,,,,,,,,,,
,,Dingle,28,,Dingle,901,.5,.5,,,,,,,,,,,,,,,,,,,,,,,,,,,,,,,,,,,
,,Dingtuna,25,,Dingtuna,1021,.5,.5,,,,,,,,,,,,,,,,,,,,,,,,,,,,,,,,,,,
,,Diseröd,28,,Diseröd,1328,.5,.5,,,,,,,,,,,,,,,,,,,,,,,,,,,,,,,,,,,
,,Diö,12,,Diö,906,.5,.5,,,,,,,,,,,,,,,,,,,,,,,,,,,,,,,,,,,
,,Djurmo,10,,Djurmo,689,.5,.5,,,,,,,,,,,,,,,,,,,,,,,,,,,,,,,,,,,
,,Djursholm,26,,Djursholm,8856,.5,.5,,,,,,,,,,,,,,,,,,,,,,,,,,,,,,,,,,,
,,Djurås,10,,Djurås,2128,.5,.5,,,,,,,,,,,,,,,,,,,,,,,,,,,,,,,,,,,
,,Djurö,26,,Djurö,1442,.5,.5,,,,,,,,,,,,,,,,,,,,,,,,,,,,,,,,,,,
,,Domsten,27,,Domsten,625,.5,.5,,,,,,,,,,,,,,,,,,,,,,,,,,,,,,,,,,,
,,Donsö,28,,Donsö,1446,.5,.5,,,,,,,,,,,,,,,,,,,,,,,,,,,,,,,,,,,
,,Dorotea,23,,Dorotea,1491,.5,.5,,,,,,,,,,,,,,,,,,,,,,,,,,,,,,,,,,,
,,Duved,07,,Duved,637,.5,.5,,,,,,,,,,,,,,,,,,,,,,,,,,,,,,,,,,,
,,Dvärsätt,07,,Dvärsätt,745,.5,.5,,,,,,,,,,,,,,,,,,,,,,,,,,,,,,,,,,,
,,Dösjebro,27,,Dösjebro,866,.5,.5,,,,,,,,,,,,,,,,,,,,,,,,,,,,,,,,,,,
,,Ed,28,,Ed,2994,.5,.5,,,,,,,,,,,,,,,,,,,,,,,,,,,,,,,,,,,
,,Edane,22,,Edane,666,.5,.5,,,,,,,,,,,,,,,,,,,,,,,,,,,,,,,,,,,
,,Edsbro,26,,Edsbro,578,.5,.5,,,,,,,,,,,,,,,,,,,,,,,,,,,,,,,,,,,
,,Edsbyn,03,,Edsbyn,4179,.5,.5,,,,,,,,,,,,,,,,,,,,,,,,,,,,,,,,,,,
,,Edsvalla,22,,Edsvalla,720,.5,.5,,,,,,,,,,,,,,,,,,,,,,,,,,,,,,,,,,,
,,Ekeby,27,,Ekeby,3292,.5,.5,,,,,,,,,,,,,,,,,,,,,,,,,,,,,,,,,,,
,,Ekeby,26,,Ekeby,990,.5,.5,,,,,,,,,,,,,,,,,,,,,,,,,,,,,,,,,,,
,,Ekeby-Almby,15,,Ekeby-Almby,1531,.5,.5,,,,,,,,,,,,,,,,,,,,,,,,,,,,,,,,,,,
,,Ekenässjön,08,,Ekenässjön,1563,.5,.5,,,,,,,,,,,,,,,,,,,,,,,,,,,,,,,,,,,
,,Ekerö,26,,Ekerö,11505,.5,.5,,,,,,,,,,,,,,,,,,,,,,,,,,,,,,,,,,,
,,Ekshärad,22,,Ekshärad,1020,.5,.5,,,,,,,,,,,,,,,,,,,,,,,,,,,,,,,,,,,
,,Eksjö,08,,Eksjö,10157,.5,.5,,,,,,,,,,,,,,,,,,,,,,,,,,,,,,,,,,,
,,Ekängen,16,,Ekängen,2485,.5,.5,,,,,,,,,,,,,,,,,,,,,,,,,,,,,,,,,,,
,,Eldsberga,06,,Eldsberga,679,.5,.5,,,,,,,,,,,,,,,,,,,,,,,,,,,,,,,,,,,
,,Ellös,28,,Ellös,1036,.5,.5,,,,,,,,,,,,,,,,,,,,,,,,,,,,,,,,,,,
,,Emmaboda,09,,Emmaboda,4818,.5,.5,,,,,,,,,,,,,,,,,,,,,,,,,,,,,,,,,,,
,,Enbacka,10,,Enbacka,1899,.5,.5,,,,,,,,,,,,,,,,,,,,,,,,,,,,,,,,,,,
,,Enebyberg,26,,Enebyberg,5000,.5,.5,,,,,,,,,,,,,,,,,,,,,,,,,,,,,,,,,,,
,,Enhagen-Ekbacken,25,,Enhagen-Ekbacken,1091,.5,.5,,,,,,,,,,,,,,,,,,,,,,,,,,,,,,,,,,,
,,Enköping,21,,Enköping,22553,.5,.5,,,,,,,,,,,,,,,,,,,,,,,,,,,,,,,,,,,
,,Enviken,10,,Enviken,840,.5,.5,,,,,,,,,,,,,,,,,,,,,,,,,,,,,,,,,,,
,,Enånger,03,,Enånger,643,.5,.5,,,,,,,,,,,,,,,,,,,,,,,,,,,,,,,,,,,
,,Eriksberg,26,,Eriksberg,3200,.5,.5,,,,,,,,,,,,,,,,,,,,,,,,,,,,,,,,,,,
,,Eriksbo,28,,Eriksbo,2564,.5,.5,,,,,,,,,,,,,,,,,,,,,,,,,,,,,,,,,,,
,,Ersmark,23,,Ersmark,1650,.5,.5,,,,,,,,,,,,,,,,,,,,,,,,,,,,,,,,,,,
,,Ersmark,23,,Ersmark,875,.5,.5,,,,,,,,,,,,,,,,,,,,,,,,,,,,,,,,,,,
,,Eskilstuna,18,,Eskilstuna,67359,.5,.5,,,,,,,,,,,,,,,,,,,,,,,,,,,,,,,,,,,
,,Eslöv,27,,Eslöv,18592,.5,.5,,,,,,,,,,,,,,,,,,,,,,,,,,,,,,,,,,,
,,Essvik,24,,Essvik,818,.5,.5,,,,,,,,,,,,,,,,,,,,,,,,,,,,,,,,,,,
,,Everöd,27,,Everöd,953,.5,.5,,,,,,,,,,,,,,,,,,,,,,,,,,,,,,,,,,,
,,Fagersanna,28,,Fagersanna,684,.5,.5,,,,,,,,,,,,,,,,,,,,,,,,,,,,,,,,,,,
,,Fagersta,25,,Fagersta,11936,.5,.5,,,,,,,,,,,,,,,,,,,,,,,,,,,,,,,,,,,
,,Falkenberg,06,,Falkenberg,24099,.5,.5,,,,,,,,,,,,,,,,,,,,,,,,,,,,,,,,,,,
,,Falköping,28,,Falköping,17170,.5,.5,,,,,,,,,,,,,,,,,,,,,,,,,,,,,,,,,,,
,,Falun,10,,Falun,37000,.5,.5,,,,,,,,,,,,,,,,,,,,,,,,,,,,,,,,,,,
,,Fanbyn,24,,Fanbyn,569,.5,.5,,,,,,,,,,,,,,,,,,,,,,,,,,,,,,,,,,,
,,Fanbyn,24,,Fanbyn,599,.5,.5,,,,,,,,,,,,,,,,,,,,,,,,,,,,,,,,,,,
,,Fellingsbro,15,,Fellingsbro,1475,.5,.5,,,,,,,,,,,,,,,,,,,,,,,,,,,,,,,,,,,
,,Figeholm,09,,Figeholm,730,.5,.5,,,,,,,,,,,,,,,,,,,,,,,,,,,,,,,,,,,
,,Filipstad,22,,Filipstad,6119,.5,.5,,,,,,,,,,,,,,,,,,,,,,,,,,,,,,,,,,,
,,Filsbäck,28,,Filsbäck,689,.5,.5,,,,,,,,,,,,,,,,,,,,,,,,,,,,,,,,,,,
,,Finja,27,,Finja,616,.5,.5,,,,,,,,,,,,,,,,,,,,,,,,,,,,,,,,,,,
,,Finnerödja,15,,Finnerödja,575,.5,.5,,,,,,,,,,,,,,,,,,,,,,,,,,,,,,,,,,,
,,Finspång,16,,Finspång,12807,.5,.5,,,,,,,,,,,,,,,,,,,,,,,,,,,,,,,,,,,
,,Fisksätra,26,,Fisksätra,8117,.5,.5,,,,,,,,,,,,,,,,,,,,,,,,,,,,,,,,,,,
,,Fittja,26,,Fittja,7500,.5,.5,,,,,,,,,,,,,,,,,,,,,,,,,,,,,,,,,,,
,,Fjugesta,15,,Fjugesta,2160,.5,.5,,,,,,,,,,,,,,,,,,,,,,,,,,,,,,,,,,,
,,Fjälkinge,27,,Fjälkinge,1832,.5,.5,,,,,,,,,,,,,,,,,,,,,,,,,,,,,,,,,,,
,,Fjällbacka,28,,Fjällbacka,850,.5,.5,,,,,,,,,,,,,,,,,,,,,,,,,,,,,,,,,,,
,,Fjällbacka,28,,Fjällbacka,812,.5,.5,,,,,,,,,,,,,,,,,,,,,,,,,,,,,,,,,,,
,,Fjärdhundra,21,,Fjärdhundra,907,.5,.5,,,,,,,,,,,,,,,,,,,,,,,,,,,,,,,,,,,
,,Fjärås kyrkby,06,,Fjärås kyrkby,2385,.5,.5,,,,,,,,,,,,,,,,,,,,,,,,,,,,,,,,,,,
,,Flen,18,,Flen,6594,.5,.5,,,,,,,,,,,,,,,,,,,,,,,,,,,,,,,,,,,
,,Fliseryd,09,,Fliseryd,716,.5,.5,,,,,,,,,,,,,,,,,,,,,,,,,,,,,,,,,,,
,,Floby,28,,Floby,1562,.5,.5,,,,,,,,,,,,,,,,,,,,,,,,,,,,,,,,,,,
,,Floda,10,,Floda,701,.5,.5,,,,,,,,,,,,,,,,,,,,,,,,,,,,,,,,,,,
,,Flyinge,27,,Flyinge,992,.5,.5,,,,,,,,,,,,,,,,,,,,,,,,,,,,,,,,,,,
,,Fors,10,,Fors,772,.5,.5,,,,,,,,,,,,,,,,,,,,,,,,,,,,,,,,,,,
,,Fors,24,,Fors,845,.5,.5,,,,,,,,,,,,,,,,,,,,,,,,,,,,,,,,,,,
,,Forsbacka,23,,Forsbacka,1748,.5,.5,,,,,,,,,,,,,,,,,,,,,,,,,,,,,,,,,,,
,,Forsbacka,03,,Forsbacka,1754,.5,.5,,,,,,,,,,,,,,,,,,,,,,,,,,,,,,,,,,,
,,Forsby,03,,Forsby,646,.5,.5,,,,,,,,,,,,,,,,,,,,,,,,,,,,,,,,,,,
,,Forserum,08,,Forserum,2080,.5,.5,,,,,,,,,,,,,,,,,,,,,,,,,,,,,,,,,,,
,,Forshaga,22,,Forshaga,6361,.5,.5,,,,,,,,,,,,,,,,,,,,,,,,,,,,,,,,,,,
,,Forsheda,08,,Forsheda,1510,.5,.5,,,,,,,,,,,,,,,,,,,,,,,,,,,,,,,,,,,
,,Forssjö,18,,Forssjö,525,.5,.5,,,,,,,,,,,,,,,,,,,,,,,,,,,,,,,,,,,
,,Fotö,28,,Fotö,630,.5,.5,,,,,,,,,,,,,,,,,,,,,,,,,,,,,,,,,,,
,,Fredriksberg,10,,Fredriksberg,717,.5,.5,,,,,,,,,,,,,,,,,,,,,,,,,,,,,,,,,,,
,,Fridlevstad,02,,Fridlevstad,708,.5,.5,,,,,,,,,,,,,,,,,,,,,,,,,,,,,,,,,,,
,,Friggesund,03,,Friggesund,530,.5,.5,,,,,,,,,,,,,,,,,,,,,,,,,,,,,,,,,,,
,,Frillesås,06,,Frillesås,2832,.5,.5,,,,,,,,,,,,,,,,,,,,,,,,,,,,,,,,,,,
,,Fristad,28,,Fristad,5409,.5,.5,,,,,,,,,,,,,,,,,,,,,,,,,,,,,,,,,,,
,,Fritsla,28,,Fritsla,2307,.5,.5,,,,,,,,,,,,,,,,,,,,,,,,,,,,,,,,,,,
,,Frufällan,28,,Frufällan,884,.5,.5,,,,,,,,,,,,,,,,,,,,,,,,,,,,,,,,,,,
,,Frändefors,28,,Frändefors,640,.5,.5,,,,,,,,,,,,,,,,,,,,,,,,,,,,,,,,,,,
,,Fränsta,24,,Fränsta,2062,.5,.5,,,,,,,,,,,,,,,,,,,,,,,,,,,,,,,,,,,
,,Frånö,24,,Frånö,679,.5,.5,,,,,,,,,,,,,,,,,,,,,,,,,,,,,,,,,,,
,,Frösakull,06,,Frösakull,2296,.5,.5,,,,,,,,,,,,,,,,,,,,,,,,,,,,,,,,,,,
,,Frövi,15,,Frövi,2480,.5,.5,,,,,,,,,,,,,,,,,,,,,,,,,,,,,,,,,,,
,,Funäsdalen,07,,Funäsdalen,956,.5,.5,,,,,,,,,,,,,,,,,,,,,,,,,,,,,,,,,,,
,,Furulund,28,,Furulund,3888,.5,.5,,,,,,,,,,,,,,,,,,,,,,,,,,,,,,,,,,,
,,Furulund,27,,Furulund,4359,.5,.5,,,,,,,,,,,,,,,,,,,,,,,,,,,,,,,,,,,
,,Furuvik,03,,Furuvik,697,.5,.5,,,,,,,,,,,,,,,,,,,,,,,,,,,,,,,,,,,
,,Fyllinge,06,,Fyllinge,2830,.5,.5,,,,,,,,,,,,,,,,,,,,,,,,,,,,,,,,,,,
,,Färgelanda,28,,Färgelanda,1986,.5,.5,,,,,,,,,,,,,,,,,,,,,,,,,,,,,,,,,,,
,,Färila,03,,Färila,1398,.5,.5,,,,,,,,,,,,,,,,,,,,,,,,,,,,,,,,,,,
,,Färjestaden,09,,Färjestaden,5645,.5,.5,,,,,,,,,,,,,,,,,,,,,,,,,,,,,,,,,,,
,,Färlöv,27,,Färlöv,1016,.5,.5,,,,,,,,,,,,,,,,,,,,,,,,,,,,,,,,,,,
,,Färnäs,10,,Färnäs,957,.5,.5,,,,,,,,,,,,,,,,,,,,,,,,,,,,,,,,,,,
,,Fårösund,05,,Fårösund,829,.5,.5,,,,,,,,,,,,,,,,,,,,,,,,,,,,,,,,,,,
,,Föllinge,07,,Föllinge,511,.5,.5,,,,,,,,,,,,,,,,,,,,,,,,,,,,,,,,,,,
,,Förslöv,27,,Förslöv,2386,.5,.5,,,,,,,,,,,,,,,,,,,,,,,,,,,,,,,,,,,
,,Gagnef,10,,Gagnef,1199,.5,.5,,,,,,,,,,,,,,,,,,,,,,,,,,,,,,,,,,,
,,Gamla Stan,26,,Gamla Stan,3000,.5,.5,,,,,,,,,,,,,,,,,,,,,,,,,,,,,,,,,,,
,,Gamla Uppsala,21,,Gamla Uppsala,16231,.5,.5,,,,,,,,,,,,,,,,,,,,,,,,,,,,,,,,,,,
,,Gamleby,09,,Gamleby,2758,.5,.5,,,,,,,,,,,,,,,,,,,,,,,,,,,,,,,,,,,
,,Gammelstad,14,,Gammelstad,4892,.5,.5,,,,,,,,,,,,,,,,,,,,,,,,,,,,,,,,,,,
,,Gantofta,27,,Gantofta,1322,.5,.5,,,,,,,,,,,,,,,,,,,,,,,,,,,,,,,,,,,
,,Garpenberg,10,,Garpenberg,515,.5,.5,,,,,,,,,,,,,,,,,,,,,,,,,,,,,,,,,,,
,,Garphyttan,15,,Garphyttan,1613,.5,.5,,,,,,,,,,,,,,,,,,,,,,,,,,,,,,,,,,,
,,Gemla,12,,Gemla,1462,.5,.5,,,,,,,,,,,,,,,,,,,,,,,,,,,,,,,,,,,
,,Genarp,27,,Genarp,2962,.5,.5,,,,,,,,,,,,,,,,,,,,,,,,,,,,,,,,,,,
,,Genevad,06,,Genevad,653,.5,.5,,,,,,,,,,,,,,,,,,,,,,,,,,,,,,,,,,,
,,Gessie Villastad,27,,Gessie Villastad,539,.5,.5,,,,,,,,,,,,,,,,,,,,,,,,,,,,,,,,,,,
,,Getinge,06,,Getinge,1909,.5,.5,,,,,,,,,,,,,,,,,,,,,,,,,,,,,,,,,,,
,,Gimo,21,,Gimo,2698,.5,.5,,,,,,,,,,,,,,,,,,,,,,,,,,,,,,,,,,,
,,Gimåt,24,,Gimåt,870,.5,.5,,,,,,,,,,,,,,,,,,,,,,,,,,,,,,,,,,,
,,Gislaved,08,,Gislaved,10180,.5,.5,,,,,,,,,,,,,,,,,,,,,,,,,,,,,,,,,,,
,,Glanshammar,15,,Glanshammar,778,.5,.5,,,,,,,,,,,,,,,,,,,,,,,,,,,,,,,,,,,
,,Glimåkra,27,,Glimåkra,1466,.5,.5,,,,,,,,,,,,,,,,,,,,,,,,,,,,,,,,,,,
,,Glommen,06,,Glommen,1082,.5,.5,,,,,,,,,,,,,,,,,,,,,,,,,,,,,,,,,,,
,,Glommen,06,,Glommen,687,.5,.5,,,,,,,,,,,,,,,,,,,,,,,,,,,,,,,,,,,
,,Glumslöv,27,,Glumslöv,2093,.5,.5,,,,,,,,,,,,,,,,,,,,,,,,,,,,,,,,,,,
,,Gnarp,03,,Gnarp,1199,.5,.5,,,,,,,,,,,,,,,,,,,,,,,,,,,,,,,,,,,
,,Gnesta,18,,Gnesta,5772,.5,.5,,,,,,,,,,,,,,,,,,,,,,,,,,,,,,,,,,,
,,Gnosjö,08,,Gnosjö,4528,.5,.5,,,,,,,,,,,,,,,,,,,,,,,,,,,,,,,,,,,
,,Grebbestad,28,,Grebbestad,1877,.5,.5,,,,,,,,,,,,,,,,,,,,,,,,,,,,,,,,,,,
,,Grebo,16,,Grebo,1047,.5,.5,,,,,,,,,,,,,,,,,,,,,,,,,,,,,,,,,,,
,,Grevie,27,,Grevie,769,.5,.5,,,,,,,,,,,,,,,,,,,,,,,,,,,,,,,,,,,
,,Grevie,27,,Grevie,937,.5,.5,,,,,,,,,,,,,,,,,,,,,,,,,,,,,,,,,,,
,,Grillby,21,,Grillby,1028,.5,.5,,,,,,,,,,,,,,,,,,,,,,,,,,,,,,,,,,,
,,Grimslöv,12,,Grimslöv,622,.5,.5,,,,,,,,,,,,,,,,,,,,,,,,,,,,,,,,,,,
,,Grimsås,28,,Grimsås,694,.5,.5,,,,,,,,,,,,,,,,,,,,,,,,,,,,,,,,,,,
,,Grums,22,,Grums,5040,.5,.5,,,,,,,,,,,,,,,,,,,,,,,,,,,,,,,,,,,
,,Grundsund,28,,Grundsund,647,.5,.5,,,,,,,,,,,,,,,,,,,,,,,,,,,,,,,,,,,
,,Grycksbo,10,,Grycksbo,1870,.5,.5,,,,,,,,,,,,,,,,,,,,,,,,,,,,,,,,,,,
,,Grythyttan,15,,Grythyttan,859,.5,.5,,,,,,,,,,,,,,,,,,,,,,,,,,,,,,,,,,,
,,Gräddö,26,,Gräddö,556,.5,.5,,,,,,,,,,,,,,,,,,,,,,,,,,,,,,,,,,,
,,Grängesberg,10,,Grängesberg,2146,.5,.5,,,,,,,,,,,,,,,,,,,,,,,,,,,,,,,,,,,
,,Gränna,08,,Gränna,2726,.5,.5,,,,,,,,,,,,,,,,,,,,,,,,,,,,,,,,,,,
,,Grästorp,28,,Grästorp,2946,.5,.5,,,,,,,,,,,,,,,,,,,,,,,,,,,,,,,,,,,
,,Gråbo,28,,Gråbo,6021,.5,.5,,,,,,,,,,,,,,,,,,,,,,,,,,,,,,,,,,,
,,Grödby,26,,Grödby,551,.5,.5,,,,,,,,,,,,,,,,,,,,,,,,,,,,,,,,,,,
,,Gualöv,27,,Gualöv,516,.5,.5,,,,,,,,,,,,,,,,,,,,,,,,,,,,,,,,,,,
,,Gullbrandstorp,06,,Gullbrandstorp,1642,.5,.5,,,,,,,,,,,,,,,,,,,,,,,,,,,,,,,,,,,
,,Gullbranna,06,,Gullbranna,667,.5,.5,,,,,,,,,,,,,,,,,,,,,,,,,,,,,,,,,,,
,,Gullringen,09,,Gullringen,503,.5,.5,,,,,,,,,,,,,,,,,,,,,,,,,,,,,,,,,,,
,,Gullspång,28,,Gullspång,1568,.5,.5,,,,,,,,,,,,,,,,,,,,,,,,,,,,,,,,,,,
,,Gunnebo,09,,Gunnebo,1022,.5,.5,,,,,,,,,,,,,,,,,,,,,,,,,,,,,,,,,,,
,,Gunsta,21,,Gunsta,611,.5,.5,,,,,,,,,,,,,,,,,,,,,,,,,,,,,,,,,,,
,,Guojkkasuoluoj,14,,Guojkkasuoluoj,594,.5,.5,,,,,,,,,,,,,,,,,,,,,,,,,,,,,,,,,,,
,,Gustavsberg,26,,Gustavsberg,20774,.5,.5,,,,,,,,,,,,,,,,,,,,,,,,,,,,,,,,,,,
,,Gusum,16,,Gusum,1149,.5,.5,,,,,,,,,,,,,,,,,,,,,,,,,,,,,,,,,,,
,,Gyttorp,15,,Gyttorp,671,.5,.5,,,,,,,,,,,,,,,,,,,,,,,,,,,,,,,,,,,
,,Gällivare,14,,Gällivare,10362,.5,.5,,,,,,,,,,,,,,,,,,,,,,,,,,,,,,,,,,,
,,Gällstad,28,,Gällstad,536,.5,.5,,,,,,,,,,,,,,,,,,,,,,,,,,,,,,,,,,,
,,Gällö,07,,Gällö,757,.5,.5,,,,,,,,,,,,,,,,,,,,,,,,,,,,,,,,,,,
,,Gärds Köpinge,27,,Gärds Köpinge,926,.5,.5,,,,,,,,,,,,,,,,,,,,,,,,,,,,,,,,,,,
,,Gärsnäs,22,,Gärsnäs,955,.5,.5,,,,,,,,,,,,,,,,,,,,,,,,,,,,,,,,,,,
,,Gärsnäs,27,,Gärsnäs,1094,.5,.5,,,,,,,,,,,,,,,,,,,,,,,,,,,,,,,,,,,
,,Gävle,03,,Gävle,74884,.5,.5,,,,,,,,,,,,,,,,,,,,,,,,,,,,,,,,,,,
,,Gånghester,28,,Gånghester,2533,.5,.5,,,,,,,,,,,,,,,,,,,,,,,,,,,,,,,,,,,
,,Gårdsten,28,,Gårdsten,8025,.5,.5,,,,,,,,,,,,,,,,,,,,,,,,,,,,,,,,,,,
,,Gåvsta,21,,Gåvsta,539,.5,.5,,,,,,,,,,,,,,,,,,,,,,,,,,,,,,,,,,,
,,Göta,28,,Göta,1002,.5,.5,,,,,,,,,,,,,,,,,,,,,,,,,,,,,,,,,,,
,,Göteborg,28,,Göteborg,572799,.5,.5,,,,,,,,,,,,,,,,,,,,,,,,,,,,,,,,,,,
,,Götene,28,,Götene,5027,.5,.5,,,,,,,,,,,,,,,,,,,,,,,,,,,,,,,,,,,
,,Habo,08,,Habo,7740,.5,.5,,,,,,,,,,,,,,,,,,,,,,,,,,,,,,,,,,,
,,Hackås,07,,Hackås,531,.5,.5,,,,,,,,,,,,,,,,,,,,,,,,,,,,,,,,,,,
,,Hagby,21,,Hagby,651,.5,.5,,,,,,,,,,,,,,,,,,,,,,,,,,,,,,,,,,,
,,Hagby,09,,Hagby,871,.5,.5,,,,,,,,,,,,,,,,,,,,,,,,,,,,,,,,,,,
,,Hagfors,22,,Hagfors,4869,.5,.5,,,,,,,,,,,,,,,,,,,,,,,,,,,,,,,,,,,
,,Hallsberg,15,,Hallsberg,8146,.5,.5,,,,,,,,,,,,,,,,,,,,,,,,,,,,,,,,,,,
,,Hallstahammar,25,,Hallstahammar,10787,.5,.5,,,,,,,,,,,,,,,,,,,,,,,,,,,,,,,,,,,
,,Hallstavik,26,,Hallstavik,4536,.5,.5,,,,,,,,,,,,,,,,,,,,,,,,,,,,,,,,,,,
,,Halmstad,06,,Halmstad,66124,.5,.5,,,,,,,,,,,,,,,,,,,,,,,,,,,,,,,,,,,
,,Hamburgsund,28,,Hamburgsund,706,.5,.5,,,,,,,,,,,,,,,,,,,,,,,,,,,,,,,,,,,
,,Hammar,27,,Hammar,3311,.5,.5,,,,,,,,,,,,,,,,,,,,,,,,,,,,,,,,,,,
,,Hammarby,03,,Hammarby,533,.5,.5,,,,,,,,,,,,,,,,,,,,,,,,,,,,,,,,,,,
,,Hammarkullen,28,,Hammarkullen,7914,.5,.5,,,,,,,,,,,,,,,,,,,,,,,,,,,,,,,,,,,
,,Hammarslund,27,,Hammarslund,587,.5,.5,,,,,,,,,,,,,,,,,,,,,,,,,,,,,,,,,,,
,,Hammarstrand,07,,Hammarstrand,1116,.5,.5,,,,,,,,,,,,,,,,,,,,,,,,,,,,,,,,,,,
,,Hammenhög,27,,Hammenhög,879,.5,.5,,,,,,,,,,,,,,,,,,,,,,,,,,,,,,,,,,,
,,Hammerdal,07,,Hammerdal,1043,.5,.5,,,,,,,,,,,,,,,,,,,,,,,,,,,,,,,,,,,
,,Hamrångefjärden,03,,Hamrångefjärden,546,.5,.5,,,,,,,,,,,,,,,,,,,,,,,,,,,,,,,,,,,
,,Hanaskog,27,,Hanaskog,1385,.5,.5,,,,,,,,,,,,,,,,,,,,,,,,,,,,,,,,,,,
,,Handen,26,,Handen,11524,.5,.5,,,,,,,,,,,,,,,,,,,,,,,,,,,,,,,,,,,
,,Haninge,26,,Haninge,74968,.5,.5,,,,,,,,,,,,,,,,,,,,,,,,,,,,,,,,,,,
,,Haparanda,14,,Haparanda,6679,.5,.5,,,,,,,,,,,,,,,,,,,,,,,,,,,,,,,,,,,
,,Harbo,21,,Harbo,714,.5,.5,,,,,,,,,,,,,,,,,,,,,,,,,,,,,,,,,,,
,,Harlösa,27,,Harlösa,780,.5,.5,,,,,,,,,,,,,,,,,,,,,,,,,,,,,,,,,,,
,,Harmånger,03,,Harmånger,592,.5,.5,,,,,,,,,,,,,,,,,,,,,,,,,,,,,,,,,,,
,,Harplinge,06,,Harplinge,1498,.5,.5,,,,,,,,,,,,,,,,,,,,,,,,,,,,,,,,,,,
,,Hasslarp,27,,Hasslarp,542,.5,.5,,,,,,,,,,,,,,,,,,,,,,,,,,,,,,,,,,,
,,Hasslö,02,,Hasslö,1606,.5,.5,,,,,,,,,,,,,,,,,,,,,,,,,,,,,,,,,,,
,,Haverdal,06,,Haverdal,1681,.5,.5,,,,,,,,,,,,,,,,,,,,,,,,,,,,,,,,,,,
,,Heby,21,,Heby,2724,.5,.5,,,,,,,,,,,,,,,,,,,,,,,,,,,,,,,,,,,
,,Hede,07,,Hede,837,.5,.5,,,,,,,,,,,,,,,,,,,,,,,,,,,,,,,,,,,
,,Hedemora,10,,Hedemora,7371,.5,.5,,,,,,,,,,,,,,,,,,,,,,,,,,,,,,,,,,,
,,Hedesunda,03,,Hedesunda,1067,.5,.5,,,,,,,,,,,,,,,,,,,,,,,,,,,,,,,,,,,
,,Helsingborg,27,,Helsingborg,104250,.5,.5,,,,,,,,,,,,,,,,,,,,,,,,,,,,,,,,,,,
,,Hemmesta,26,,Hemmesta,4577,.5,.5,,,,,,,,,,,,,,,,,,,,,,,,,,,,,,,,,,,
,,Hemse,05,,Hemse,1668,.5,.5,,,,,,,,,,,,,,,,,,,,,,,,,,,,,,,,,,,
,,Henån,28,,Henån,2243,.5,.5,,,,,,,,,,,,,,,,,,,,,,,,,,,,,,,,,,,
,,Herrestad,16,,Herrestad,2412,.5,.5,,,,,,,,,,,,,,,,,,,,,,,,,,,,,,,,,,,
,,Herrljunga,28,,Herrljunga,3982,.5,.5,,,,,,,,,,,,,,,,,,,,,,,,,,,,,,,,,,,
,,Hestra,08,,Hestra,1327,.5,.5,,,,,,,,,,,,,,,,,,,,,,,,,,,,,,,,,,,
,,Hestra,08,,Hestra,1326,.5,.5,,,,,,,,,,,,,,,,,,,,,,,,,,,,,,,,,,,
,,Hillared,28,,Hillared,639,.5,.5,,,,,,,,,,,,,,,,,,,,,,,,,,,,,,,,,,,
,,Hillerstorp,08,,Hillerstorp,1746,.5,.5,,,,,,,,,,,,,,,,,,,,,,,,,,,,,,,,,,,
,,Hindås,28,,Hindås,2901,.5,.5,,,,,,,,,,,,,,,,,,,,,,,,,,,,,,,,,,,
,,Hittarp,27,,Hittarp,3837,.5,.5,,,,,,,,,,,,,,,,,,,,,,,,,,,,,,,,,,,
,,Hittarp,27,,Hittarp,4545,.5,.5,,,,,,,,,,,,,,,,,,,,,,,,,,,,,,,,,,,
,,Hjo,28,,Hjo,6203,.5,.5,,,,,,,,,,,,,,,,,,,,,,,,,,,,,,,,,,,
,,Hjuvik,28,,Hjuvik,3754,.5,.5,,,,,,,,,,,,,,,,,,,,,,,,,,,,,,,,,,,
,,Hjärnarp,27,,Hjärnarp,1095,.5,.5,,,,,,,,,,,,,,,,,,,,,,,,,,,,,,,,,,,
,,Hjärup,27,,Hjärup,4744,.5,.5,,,,,,,,,,,,,,,,,,,,,,,,,,,,,,,,,,,
,,Hofors,03,,Hofors,6090,.5,.5,,,,,,,,,,,,,,,,,,,,,,,,,,,,,,,,,,,
,,Hofterup,27,,Hofterup,3814,.5,.5,,,,,,,,,,,,,,,,,,,,,,,,,,,,,,,,,,,
,,Hok,08,,Hok,658,.5,.5,,,,,,,,,,,,,,,,,,,,,,,,,,,,,,,,,,,
,,Holm,06,,Holm,764,.5,.5,,,,,,,,,,,,,,,,,,,,,,,,,,,,,,,,,,,
,,Holmsund,23,,Holmsund,5962,.5,.5,,,,,,,,,,,,,,,,,,,,,,,,,,,,,,,,,,,
,,Holsbybrunn,08,,Holsbybrunn,783,.5,.5,,,,,,,,,,,,,,,,,,,,,,,,,,,,,,,,,,,
,,Horn,16,,Horn,543,.5,.5,,,,,,,,,,,,,,,,,,,,,,,,,,,,,,,,,,,
,,Horn,25,,Horn,547,.5,.5,,,,,,,,,,,,,,,,,,,,,,,,,,,,,,,,,,,
,,Horndal,10,,Horndal,1120,.5,.5,,,,,,,,,,,,,,,,,,,,,,,,,,,,,,,,,,,
,,Horred,28,,Horred,1203,.5,.5,,,,,,,,,,,,,,,,,,,,,,,,,,,,,,,,,,,
,,Hortlax,14,,Hortlax,1128,.5,.5,,,,,,,,,,,,,,,,,,,,,,,,,,,,,,,,,,,
,,Hoting,07,,Hoting,648,.5,.5,,,,,,,,,,,,,,,,,,,,,,,,,,,,,,,,,,,
,,Hova,28,,Hova,1254,.5,.5,,,,,,,,,,,,,,,,,,,,,,,,,,,,,,,,,,,
,,Hoverberg,07,,Hoverberg,206,.5,.5,,,,,,,,,,,,,,,,,,,,,,,,,,,,,,,,,,,
,,Hovmantorp,12,,Hovmantorp,3082,.5,.5,,,,,,,,,,,,,,,,,,,,,,,,,,,,,,,,,,,
,,Hovsta,15,,Hovsta,2831,.5,.5,,,,,,,,,,,,,,,,,,,,,,,,,,,,,,,,,,,
,,Huddinge,26,,Huddinge,90182,.5,.5,,,,,,,,,,,,,,,,,,,,,,,,,,,,,,,,,,,
,,Hudiksvall,03,,Hudiksvall,16081,.5,.5,,,,,,,,,,,,,,,,,,,,,,,,,,,,,,,,,,,
,,Hultsfred,09,,Hultsfred,5510,.5,.5,,,,,,,,,,,,,,,,,,,,,,,,,,,,,,,,,,,
,,Hummelsta,21,,Hummelsta,994,.5,.5,,,,,,,,,,,,,,,,,,,,,,,,,,,,,,,,,,,
,,Hunnebostrand,28,,Hunnebostrand,2053,.5,.5,,,,,,,,,,,,,,,,,,,,,,,,,,,,,,,,,,,
,,Huskvarna,08,,Huskvarna,21500,.5,.5,,,,,,,,,,,,,,,,,,,,,,,,,,,,,,,,,,,
,,Husum,24,,Husum,1563,.5,.5,,,,,,,,,,,,,,,,,,,,,,,,,,,,,,,,,,,
,,Hyllinge,27,,Hyllinge,2287,.5,.5,,,,,,,,,,,,,,,,,,,,,,,,,,,,,,,,,,,
,,Hyltebruk,06,,Hyltebruk,3992,.5,.5,,,,,,,,,,,,,,,,,,,,,,,,,,,,,,,,,,,
,,Hyssna,28,,Hyssna,665,.5,.5,,,,,,,,,,,,,,,,,,,,,,,,,,,,,,,,,,,
,,Häljarp,27,,Häljarp,3134,.5,.5,,,,,,,,,,,,,,,,,,,,,,,,,,,,,,,,,,,
,,Hällabrottet,15,,Hällabrottet,1806,.5,.5,,,,,,,,,,,,,,,,,,,,,,,,,,,,,,,,,,,
,,Hällaryd,02,,Hällaryd,673,.5,.5,,,,,,,,,,,,,,,,,,,,,,,,,,,,,,,,,,,
,,Hällaryd,08,,Hällaryd,553,.5,.5,,,,,,,,,,,,,,,,,,,,,,,,,,,,,,,,,,,
,,Hällberga,18,,Hällberga,618,.5,.5,,,,,,,,,,,,,,,,,,,,,,,,,,,,,,,,,,,
,,Hällbybrunn,18,,Hällbybrunn,3323,.5,.5,,,,,,,,,,,,,,,,,,,,,,,,,,,,,,,,,,,
,,Hällefors,15,,Hällefors,4449,.5,.5,,,,,,,,,,,,,,,,,,,,,,,,,,,,,,,,,,,
,,Hälleforsnäs,18,,Hälleforsnäs,1624,.5,.5,,,,,,,,,,,,,,,,,,,,,,,,,,,,,,,,,,,
,,Hällekis,28,,Hällekis,683,.5,.5,,,,,,,,,,,,,,,,,,,,,,,,,,,,,,,,,,,
,,Hällevadsholm,28,,Hällevadsholm,816,.5,.5,,,,,,,,,,,,,,,,,,,,,,,,,,,,,,,,,,,
,,Hällevik,02,,Hällevik,1545,.5,.5,,,,,,,,,,,,,,,,,,,,,,,,,,,,,,,,,,,
,,Hälsö,28,,Hälsö,586,.5,.5,,,,,,,,,,,,,,,,,,,,,,,,,,,,,,,,,,,
,,Härad,18,,Härad,508,.5,.5,,,,,,,,,,,,,,,,,,,,,,,,,,,,,,,,,,,
,,Häradsbygden,10,,Häradsbygden,696,.5,.5,,,,,,,,,,,,,,,,,,,,,,,,,,,,,,,,,,,
,,Härnösand,24,,Härnösand,18426,.5,.5,,,,,,,,,,,,,,,,,,,,,,,,,,,,,,,,,,,
,,Härryda,28,,Härryda,861,.5,.5,,,,,,,,,,,,,,,,,,,,,,,,,,,,,,,,,,,
,,Hässleholm,27,,Hässleholm,19309,.5,.5,,,,,,,,,,,,,,,,,,,,,,,,,,,,,,,,,,,
,,Hästhagen,26,,Hästhagen,529,.5,.5,,,,,,,,,,,,,,,,,,,,,,,,,,,,,,,,,,,
,,Hästveda,27,,Hästveda,1693,.5,.5,,,,,,,,,,,,,,,,,,,,,,,,,,,,,,,,,,,
,,Hållsta,18,,Hållsta,917,.5,.5,,,,,,,,,,,,,,,,,,,,,,,,,,,,,,,,,,,
,,Hållsta,07,,Hållsta,804,.5,.5,,,,,,,,,,,,,,,,,,,,,,,,,,,,,,,,,,,
,,Höganäs,27,,Höganäs,14778,.5,.5,,,,,,,,,,,,,,,,,,,,,,,,,,,,,,,,,,,
,,Högsby,09,,Högsby,1923,.5,.5,,,,,,,,,,,,,,,,,,,,,,,,,,,,,,,,,,,
,,Högsjö,24,,Högsjö,779,.5,.5,,,,,,,,,,,,,,,,,,,,,,,,,,,,,,,,,,,
,,Högsjö,18,,Högsjö,691,.5,.5,,,,,,,,,,,,,,,,,,,,,,,,,,,,,,,,,,,
,,Högsäter,22,,Högsäter,744,.5,.5,,,,,,,,,,,,,,,,,,,,,,,,,,,,,,,,,,,
,,Hökerum,28,,Hökerum,642,.5,.5,,,,,,,,,,,,,,,,,,,,,,,,,,,,,,,,,,,
,,Hökåsen,25,,Hökåsen,2986,.5,.5,,,,,,,,,,,,,,,,,,,,,,,,,,,,,,,,,,,
,,Hököpinge,27,,Hököpinge,1164,.5,.5,,,,,,,,,,,,,,,,,,,,,,,,,,,,,,,,,,,
,,Höllviken,27,,Höllviken,14889,.5,.5,,,,,,,,,,,,,,,,,,,,,,,,,,,,,,,,,,,
,,Hölö,26,,Hölö,1199,.5,.5,,,,,,,,,,,,,,,,,,,,,,,,,,,,,,,,,,,
,,Hölö,26,,Hölö,1477,.5,.5,,,,,,,,,,,,,,,,,,,,,,,,,,,,,,,,,,,
,,Hönö,28,,Hönö,5293,.5,.5,,,,,,,,,,,,,,,,,,,,,,,,,,,,,,,,,,,
,,Hörby,27,,Hörby,7459,.5,.5,,,,,,,,,,,,,,,,,,,,,,,,,,,,,,,,,,,
,,Hörnefors,23,,Hörnefors,2514,.5,.5,,,,,,,,,,,,,,,,,,,,,,,,,,,,,,,,,,,
,,Hörvik,02,,Hörvik,802,.5,.5,,,,,,,,,,,,,,,,,,,,,,,,,,,,,,,,,,,
,,Höviksnäs,28,,Höviksnäs,1750,.5,.5,,,,,,,,,,,,,,,,,,,,,,,,,,,,,,,,,,,
,,Höör,27,,Höör,12152,.5,.5,,,,,,,,,,,,,,,,,,,,,,,,,,,,,,,,,,,
,,Idala,27,,Idala,739,.5,.5,,,,,,,,,,,,,,,,,,,,,,,,,,,,,,,,,,,
,,Idre,10,,Idre,706,.5,.5,,,,,,,,,,,,,,,,,,,,,,,,,,,,,,,,,,,
,,Igelstorp,28,,Igelstorp,648,.5,.5,,,,,,,,,,,,,,,,,,,,,,,,,,,,,,,,,,,
,,Iggesund,03,,Iggesund,3419,.5,.5,,,,,,,,,,,,,,,,,,,,,,,,,,,,,,,,,,,
,,Indal,24,,Indal,949,.5,.5,,,,,,,,,,,,,,,,,,,,,,,,,,,,,,,,,,,
,,Ingared,28,,Ingared,1703,.5,.5,,,,,,,,,,,,,,,,,,,,,,,,,,,,,,,,,,,
,,Ingelstad,12,,Ingelstad,1762,.5,.5,,,,,,,,,,,,,,,,,,,,,,,,,,,,,,,,,,,
,,Innertavle,23,,Innertavle,576,.5,.5,,,,,,,,,,,,,,,,,,,,,,,,,,,,,,,,,,,
,,Insjön,10,,Insjön,2141,.5,.5,,,,,,,,,,,,,,,,,,,,,,,,,,,,,,,,,,,
,,Insjön,23,,Insjön,2150,.5,.5,,,,,,,,,,,,,,,,,,,,,,,,,,,,,,,,,,,
,,Irsta,25,,Irsta,2809,.5,.5,,,,,,,,,,,,,,,,,,,,,,,,,,,,,,,,,,,
,,Irsta,21,,Irsta,2534,.5,.5,,,,,,,,,,,,,,,,,,,,,,,,,,,,,,,,,,,
,,Jakobsberg,26,,Jakobsberg,24046,.5,.5,,,,,,,,,,,,,,,,,,,,,,,,,,,,,,,,,,,
,,Johannedal,24,,Johannedal,2592,.5,.5,,,,,,,,,,,,,,,,,,,,,,,,,,,,,,,,,,,
,,Johannishus,02,,Johannishus,766,.5,.5,,,,,,,,,,,,,,,,,,,,,,,,,,,,,,,,,,,
,,Jokkmokk,14,,Jokkmokk,2794,.5,.5,,,,,,,,,,,,,,,,,,,,,,,,,,,,,,,,,,,
,,Jonsered,28,,Jonsered,929,.5,.5,,,,,,,,,,,,,,,,,,,,,,,,,,,,,,,,,,,
,,Jonstorp,28,,Jonstorp,1771,.5,.5,,,,,,,,,,,,,,,,,,,,,,,,,,,,,,,,,,,
,,Jonstorp,27,,Jonstorp,1972,.5,.5,,,,,,,,,,,,,,,,,,,,,,,,,,,,,,,,,,,
,,Jordbro,26,,Jordbro,10757,.5,.5,,,,,,,,,,,,,,,,,,,,,,,,,,,,,,,,,,,
,,Jukkasjärvi,14,,Jukkasjärvi,607,.5,.5,,,,,,,,,,,,,,,,,,,,,,,,,,,,,,,,,,,
,,Junsele,24,,Junsele,873,.5,.5,,,,,,,,,,,,,,,,,,,,,,,,,,,,,,,,,,,
,,Jursla,16,,Jursla,1647,.5,.5,,,,,,,,,,,,,,,,,,,,,,,,,,,,,,,,,,,
,,Jämjö,02,,Jämjö,2629,.5,.5,,,,,,,,,,,,,,,,,,,,,,,,,,,,,,,,,,,
,,Jämshög,02,,Jämshög,1612,.5,.5,,,,,,,,,,,,,,,,,,,,,,,,,,,,,,,,,,,
,,Järbo,03,,Järbo,1813,.5,.5,,,,,,,,,,,,,,,,,,,,,,,,,,,,,,,,,,,
,,Järlåsa,21,,Järlåsa,515,.5,.5,,,,,,,,,,,,,,,,,,,,,,,,,,,,,,,,,,,
,,Järna,10,,Järna,1725,.5,.5,,,,,,,,,,,,,,,,,,,,,,,,,,,,,,,,,,,
,,Järna,26,,Järna,6038,.5,.5,,,,,,,,,,,,,,,,,,,,,,,,,,,,,,,,,,,
,,Järnforsen,09,,Järnforsen,510,.5,.5,,,,,,,,,,,,,,,,,,,,,,,,,,,,,,,,,,,
,,Järpen,07,,Järpen,1539,.5,.5,,,,,,,,,,,,,,,,,,,,,,,,,,,,,,,,,,,
,,Järpås,28,,Järpås,789,.5,.5,,,,,,,,,,,,,,,,,,,,,,,,,,,,,,,,,,,
,,Järvsö,03,,Järvsö,1557,.5,.5,,,,,,,,,,,,,,,,,,,,,,,,,,,,,,,,,,,
,,Jävre,14,,Jävre,574,.5,.5,,,,,,,,,,,,,,,,,,,,,,,,,,,,,,,,,,,
,,Jönköping,08,,Jönköping,93797,.5,.5,,,,,,,,,,,,,,,,,,,,,,,,,,,,,,,,,,,
,,Jönåker,18,,Jönåker,598,.5,.5,,,,,,,,,,,,,,,,,,,,,,,,,,,,,,,,,,,
,,Jörlanda,28,,Jörlanda,1465,.5,.5,,,,,,,,,,,,,,,,,,,,,,,,,,,,,,,,,,,
,,Jörn,23,,Jörn,777,.5,.5,,,,,,,,,,,,,,,,,,,,,,,,,,,,,,,,,,,
,,Jössefors,22,,Jössefors,711,.5,.5,,,,,,,,,,,,,,,,,,,,,,,,,,,,,,,,,,,
,,Kalix,14,,Kalix,7495,.5,.5,,,,,,,,,,,,,,,,,,,,,,,,,,,,,,,,,,,
,,Kallinge,02,,Kallinge,4664,.5,.5,,,,,,,,,,,,,,,,,,,,,,,,,,,,,,,,,,,
,,Kalmar,09,,Kalmar,38408,.5,.5,,,,,,,,,,,,,,,,,,,,,,,,,,,,,,,,,,,
,,Karby,21,,Karby,844,.5,.5,,,,,,,,,,,,,,,,,,,,,,,,,,,,,,,,,,,
,,Karby,26,,Karby,853,.5,.5,,,,,,,,,,,,,,,,,,,,,,,,,,,,,,,,,,,
,,Karlholmsbruk,21,,Karlholmsbruk,1193,.5,.5,,,,,,,,,,,,,,,,,,,,,,,,,,,,,,,,,,,
,,Karlsborg,28,,Karlsborg,3624,.5,.5,,,,,,,,,,,,,,,,,,,,,,,,,,,,,,,,,,,
,,Karlshamn,02,,Karlshamn,20112,.5,.5,,,,,,,,,,,,,,,,,,,,,,,,,,,,,,,,,,,
,,Karlskoga,15,,Karlskoga,27490,.5,.5,,,,,,,,,,,,,,,,,,,,,,,,,,,,,,,,,,,
,,Karlskrona,02,,Karlskrona,36477,.5,.5,,,,,,,,,,,,,,,,,,,,,,,,,,,,,,,,,,,
,,Karlstad,22,,Karlstad,61492,.5,.5,,,,,,,,,,,,,,,,,,,,,,,,,,,,,,,,,,,
,,Katrineholm,18,,Katrineholm,23283,.5,.5,,,,,,,,,,,,,,,,,,,,,,,,,,,,,,,,,,,
,,Kattarp,27,,Kattarp,732,.5,.5,,,,,,,,,,,,,,,,,,,,,,,,,,,,,,,,,,,
,,Kaxholmen,08,,Kaxholmen,1561,.5,.5,,,,,,,,,,,,,,,,,,,,,,,,,,,,,,,,,,,
,,Kil,22,,Kil,7627,.5,.5,,,,,,,,,,,,,,,,,,,,,,,,,,,,,,,,,,,
,,Kilafors,03,,Kilafors,1197,.5,.5,,,,,,,,,,,,,,,,,,,,,,,,,,,,,,,,,,,
,,Killeberg,27,,Killeberg,596,.5,.5,,,,,,,,,,,,,,,,,,,,,,,,,,,,,,,,,,,
,,Kimstad,16,,Kimstad,1469,.5,.5,,,,,,,,,,,,,,,,,,,,,,,,,,,,,,,,,,,
,,Kinna,28,,Kinna,15019,.5,.5,,,,,,,,,,,,,,,,,,,,,,,,,,,,,,,,,,,
,,Kinnarp,28,,Kinnarp,962,.5,.5,,,,,,,,,,,,,,,,,,,,,,,,,,,,,,,,,,,
,,Kiruna,14,,Kiruna,17037,.5,.5,,,,,,,,,,,,,,,,,,,,,,,,,,,,,,,,,,,
,,Kisa,16,,Kisa,3776,.5,.5,,,,,,,,,,,,,,,,,,,,,,,,,,,,,,,,,,,
,,Kista,26,,Kista,10254,.5,.5,,,,,,,,,,,,,,,,,,,,,,,,,,,,,,,,,,,
,,Kivik,27,,Kivik,895,.5,.5,,,,,,,,,,,,,,,,,,,,,,,,,,,,,,,,,,,
,,Kjulaås,18,,Kjulaås,915,.5,.5,,,,,,,,,,,,,,,,,,,,,,,,,,,,,,,,,,,
,,Klagstorp,27,,Klagstorp,548,.5,.5,,,,,,,,,,,,,,,,,,,,,,,,,,,,,,,,,,,
,,Klingsta,24,,Klingsta,547,.5,.5,,,,,,,,,,,,,,,,,,,,,,,,,,,,,,,,,,,
,,Klintehamn,05,,Klintehamn,1490,.5,.5,,,,,,,,,,,,,,,,,,,,,,,,,,,,,,,,,,,
,,Klippan,27,,Klippan,8411,.5,.5,,,,,,,,,,,,,,,,,,,,,,,,,,,,,,,,,,,
,,Kläppa,06,,Kläppa,625,.5,.5,,,,,,,,,,,,,,,,,,,,,,,,,,,,,,,,,,,
,,Klågerup,27,,Klågerup,1940,.5,.5,,,,,,,,,,,,,,,,,,,,,,,,,,,,,,,,,,,
,,Klövedal,28,,Klövedal,569,.5,.5,,,,,,,,,,,,,,,,,,,,,,,,,,,,,,,,,,,
,,Knislinge,27,,Knislinge,3144,.5,.5,,,,,,,,,,,,,,,,,,,,,,,,,,,,,,,,,,,
,,Knivsta,21,,Knivsta,7977,.5,.5,,,,,,,,,,,,,,,,,,,,,,,,,,,,,,,,,,,
,,Knutby,21,,Knutby,705,.5,.5,,,,,,,,,,,,,,,,,,,,,,,,,,,,,,,,,,,
,,Knäred,06,,Knäred,1211,.5,.5,,,,,,,,,,,,,,,,,,,,,,,,,,,,,,,,,,,
,,Kode,28,,Kode,1605,.5,.5,,,,,,,,,,,,,,,,,,,,,,,,,,,,,,,,,,,
,,Kolbäck,25,,Kolbäck,2034,.5,.5,,,,,,,,,,,,,,,,,,,,,,,,,,,,,,,,,,,
,,Kolsva,25,,Kolsva,2440,.5,.5,,,,,,,,,,,,,,,,,,,,,,,,,,,,,,,,,,,
,,Kopparberg,15,,Kopparberg,3065,.5,.5,,,,,,,,,,,,,,,,,,,,,,,,,,,,,,,,,,,
,,Kopparmora,26,,Kopparmora,2280,.5,.5,,,,,,,,,,,,,,,,,,,,,,,,,,,,,,,,,,,
,,Koppom,22,,Koppom,669,.5,.5,,,,,,,,,,,,,,,,,,,,,,,,,,,,,,,,,,,
,,Korpilombolo,14,,Korpilombolo,539,.5,.5,,,,,,,,,,,,,,,,,,,,,,,,,,,,,,,,,,,
,,Korsberga,08,,Korsberga,731,.5,.5,,,,,,,,,,,,,,,,,,,,,,,,,,,,,,,,,,,
,,Kortebo,08,,Kortebo,512,.5,.5,,,,,,,,,,,,,,,,,,,,,,,,,,,,,,,,,,,
,,Koskullskulle,14,,Koskullskulle,818,.5,.5,,,,,,,,,,,,,,,,,,,,,,,,,,,,,,,,,,,
,,Kosta,12,,Kosta,985,.5,.5,,,,,,,,,,,,,,,,,,,,,,,,,,,,,,,,,,,
,,Kramfors,24,,Kramfors,6582,.5,.5,,,,,,,,,,,,,,,,,,,,,,,,,,,,,,,,,,,
,,Kristdala,09,,Kristdala,1016,.5,.5,,,,,,,,,,,,,,,,,,,,,,,,,,,,,,,,,,,
,,Kristianstad,27,,Kristianstad,39762,.5,.5,,,,,,,,,,,,,,,,,,,,,,,,,,,,,,,,,,,
,,Kristinehamn,22,,Kristinehamn,18557,.5,.5,,,,,,,,,,,,,,,,,,,,,,,,,,,,,,,,,,,
,,Krokek,16,,Krokek,5053,.5,.5,,,,,,,,,,,,,,,,,,,,,,,,,,,,,,,,,,,
,,Krokom,07,,Krokom,1953,.5,.5,,,,,,,,,,,,,,,,,,,,,,,,,,,,,,,,,,,
,,Krylbo,10,,Krylbo,4072,.5,.5,,,,,,,,,,,,,,,,,,,,,,,,,,,,,,,,,,,
,,Kumla,15,,Kumla,16663,.5,.5,,,,,,,,,,,,,,,,,,,,,,,,,,,,,,,,,,,
,,Kummelnäs,26,,Kummelnäs,3360,.5,.5,,,,,,,,,,,,,,,,,,,,,,,,,,,,,,,,,,,
,,Kungsbacka,06,,Kungsbacka,18698,.5,.5,,,,,,,,,,,,,,,,,,,,,,,,,,,,,,,,,,,
,,Kungsberga,26,,Kungsberga,708,.5,.5,,,,,,,,,,,,,,,,,,,,,,,,,,,,,,,,,,,
,,Kungsgården,24,,Kungsgården,998,.5,.5,,,,,,,,,,,,,,,,,,,,,,,,,,,,,,,,,,,
,,Kungsgården,03,,Kungsgården,775,.5,.5,,,,,,,,,,,,,,,,,,,,,,,,,,,,,,,,,,,
,,Kungshamn,28,,Kungshamn,3657,.5,.5,,,,,,,,,,,,,,,,,,,,,,,,,,,,,,,,,,,
,,Kungsholmen,26,,Kungsholmen,69363,.5,.5,,,,,,,,,,,,,,,,,,,,,,,,,,,,,,,,,,,
,,Kungsängen,26,,Kungsängen,10151,.5,.5,,,,,,,,,,,,,,,,,,,,,,,,,,,,,,,,,,,
,,Kungsör,25,,Kungsör,5885,.5,.5,,,,,,,,,,,,,,,,,,,,,,,,,,,,,,,,,,,
,,Kungälv,28,,Kungälv,24101,.5,.5,,,,,,,,,,,,,,,,,,,,,,,,,,,,,,,,,,,
,,Kurland,27,,Kurland,560,.5,.5,,,,,,,,,,,,,,,,,,,,,,,,,,,,,,,,,,,
,,Kvibille,06,,Kvibille,948,.5,.5,,,,,,,,,,,,,,,,,,,,,,,,,,,,,,,,,,,
,,Kvicksund,18,,Kvicksund,2179,.5,.5,,,,,,,,,,,,,,,,,,,,,,,,,,,,,,,,,,,
,,Kvidinge,27,,Kvidinge,1823,.5,.5,,,,,,,,,,,,,,,,,,,,,,,,,,,,,,,,,,,
,,Kvisljungeby,28,,Kvisljungeby,586,.5,.5,,,,,,,,,,,,,,,,,,,,,,,,,,,,,,,,,,,
,,Kvissleby,24,,Kvissleby,8785,.5,.5,,,,,,,,,,,,,,,,,,,,,,,,,,,,,,,,,,,
,,Kvänum,28,,Kvänum,1278,.5,.5,,,,,,,,,,,,,,,,,,,,,,,,,,,,,,,,,,,
,,Kyrkesund,28,,Kyrkesund,547,.5,.5,,,,,,,,,,,,,,,,,,,,,,,,,,,,,,,,,,,
,,Kyrkhult,02,,Kyrkhult,980,.5,.5,,,,,,,,,,,,,,,,,,,,,,,,,,,,,,,,,,,
,,Kyrkhult,06,,Kyrkhult,999,.5,.5,,,,,,,,,,,,,,,,,,,,,,,,,,,,,,,,,,,
,,Kyrkobyn,28,,Kyrkobyn,774,.5,.5,,,,,,,,,,,,,,,,,,,,,,,,,,,,,,,,,,,
,,Källby,28,,Källby,1737,.5,.5,,,,,,,,,,,,,,,,,,,,,,,,,,,,,,,,,,,
,,Kärna,28,,Kärna,604,.5,.5,,,,,,,,,,,,,,,,,,,,,,,,,,,,,,,,,,,
,,Kävlinge,27,,Kävlinge,9320,.5,.5,,,,,,,,,,,,,,,,,,,,,,,,,,,,,,,,,,,
,,Kåge,23,,Kåge,2376,.5,.5,,,,,,,,,,,,,,,,,,,,,,,,,,,,,,,,,,,
,,Kågeröd,27,,Kågeröd,1516,.5,.5,,,,,,,,,,,,,,,,,,,,,,,,,,,,,,,,,,,
,,Kåhög,28,,Kåhög,871,.5,.5,,,,,,,,,,,,,,,,,,,,,,,,,,,,,,,,,,,
,,Kållered,28,,Kållered,6784,.5,.5,,,,,,,,,,,,,,,,,,,,,,,,,,,,,,,,,,,
,,Kårsta,26,,Kårsta,502,.5,.5,,,,,,,,,,,,,,,,,,,,,,,,,,,,,,,,,,,
,,Köping,25,,Köping,18355,.5,.5,,,,,,,,,,,,,,,,,,,,,,,,,,,,,,,,,,,
,,Köpingebro,27,,Köpingebro,1254,.5,.5,,,,,,,,,,,,,,,,,,,,,,,,,,,,,,,,,,,
,,Köpmanholmen,24,,Köpmanholmen,1194,.5,.5,,,,,,,,,,,,,,,,,,,,,,,,,,,,,,,,,,,
,,Lagan,12,,Lagan,1550,.5,.5,,,,,,,,,,,,,,,,,,,,,,,,,,,,,,,,,,,
,,Laholm,06,,Laholm,6527,.5,.5,,,,,,,,,,,,,,,,,,,,,,,,,,,,,,,,,,,
,,Lammhult,12,,Lammhult,1694,.5,.5,,,,,,,,,,,,,,,,,,,,,,,,,,,,,,,,,,,
,,Landsbro,08,,Landsbro,1438,.5,.5,,,,,,,,,,,,,,,,,,,,,,,,,,,,,,,,,,,
,,Landskrona,27,,Landskrona,32229,.5,.5,,,,,,,,,,,,,,,,,,,,,,,,,,,,,,,,,,,
,,Landvetter,28,,Landvetter,8839,.5,.5,,,,,,,,,,,,,,,,,,,,,,,,,,,,,,,,,,,
,,Latorpsbruk,15,,Latorpsbruk,727,.5,.5,,,,,,,,,,,,,,,,,,,,,,,,,,,,,,,,,,,
,,Laxå,15,,Laxå,3125,.5,.5,,,,,,,,,,,,,,,,,,,,,,,,,,,,,,,,,,,
,,Lekeryd,08,,Lekeryd,788,.5,.5,,,,,,,,,,,,,,,,,,,,,,,,,,,,,,,,,,,
,,Leksand,10,,Leksand,6107,.5,.5,,,,,,,,,,,,,,,,,,,,,,,,,,,,,,,,,,,
,,Lenhovda,12,,Lenhovda,1762,.5,.5,,,,,,,,,,,,,,,,,,,,,,,,,,,,,,,,,,,
,,Lerdala,28,,Lerdala,558,.5,.5,,,,,,,,,,,,,,,,,,,,,,,,,,,,,,,,,,,
,,Lerum,28,,Lerum,26913,.5,.5,,,,,,,,,,,,,,,,,,,,,,,,,,,,,,,,,,,
,,Lesjöfors,22,,Lesjöfors,948,.5,.5,,,,,,,,,,,,,,,,,,,,,,,,,,,,,,,,,,,
,,Lessebo,12,,Lessebo,2857,.5,.5,,,,,,,,,,,,,,,,,,,,,,,,,,,,,,,,,,,
,,Liatorp,12,,Liatorp,531,.5,.5,,,,,,,,,,,,,,,,,,,,,,,,,,,,,,,,,,,
,,Lidhult,12,,Lidhult,665,.5,.5,,,,,,,,,,,,,,,,,,,,,,,,,,,,,,,,,,,
,,Lidhult,16,,Lidhult,635,.5,.5,,,,,,,,,,,,,,,,,,,,,,,,,,,,,,,,,,,
,,Lidingö,26,,Lidingö,42466,.5,.5,,,,,,,,,,,,,,,,,,,,,,,,,,,,,,,,,,,
,,Lidköping,28,,Lidköping,22988,.5,.5,,,,,,,,,,,,,,,,,,,,,,,,,,,,,,,,,,,
,,Lilla Edet,28,,Lilla Edet,3772,.5,.5,,,,,,,,,,,,,,,,,,,,,,,,,,,,,,,,,,,
,,Lilla Tjärby,06,,Lilla Tjärby,872,.5,.5,,,,,,,,,,,,,,,,,,,,,,,,,,,,,,,,,,,
,,Limmared,28,,Limmared,1434,.5,.5,,,,,,,,,,,,,,,,,,,,,,,,,,,,,,,,,,,
,,Lindesberg,15,,Lindesberg,9571,.5,.5,,,,,,,,,,,,,,,,,,,,,,,,,,,,,,,,,,,
,,Lindholmen,26,,Lindholmen,1146,.5,.5,,,,,,,,,,,,,,,,,,,,,,,,,,,,,,,,,,,
,,Lindome,28,,Lindome,10942,.5,.5,,,,,,,,,,,,,,,,,,,,,,,,,,,,,,,,,,,
,,Lindsdal,09,,Lindsdal,5709,.5,.5,,,,,,,,,,,,,,,,,,,,,,,,,,,,,,,,,,,
,,Lindö,16,,Lindö,4763,.5,.5,,,,,,,,,,,,,,,,,,,,,,,,,,,,,,,,,,,
,,Linghed,10,,Linghed,529,.5,.5,,,,,,,,,,,,,,,,,,,,,,,,,,,,,,,,,,,
,,Linghem,16,,Linghem,2853,.5,.5,,,,,,,,,,,,,,,,,,,,,,,,,,,,,,,,,,,
,,Linköping,16,,Linköping,106502,.5,.5,,,,,,,,,,,,,,,,,,,,,,,,,,,,,,,,,,,
,,Linneryd,08,,Linneryd,541,.5,.5,,,,,,,,,,,,,,,,,,,,,,,,,,,,,,,,,,,
,,Listerby,02,,Listerby,966,.5,.5,,,,,,,,,,,,,,,,,,,,,,,,,,,,,,,,,,,
,,Lit,07,,Lit,1117,.5,.5,,,,,,,,,,,,,,,,,,,,,,,,,,,,,,,,,,,
,,Ljung,28,,Ljung,727,.5,.5,,,,,,,,,,,,,,,,,,,,,,,,,,,,,,,,,,,
,,Ljunga,16,,Ljunga,722,.5,.5,,,,,,,,,,,,,,,,,,,,,,,,,,,,,,,,,,,
,,Ljungaverk,24,,Ljungaverk,917,.5,.5,,,,,,,,,,,,,,,,,,,,,,,,,,,,,,,,,,,
,,Ljungby,12,,Ljungby,15785,.5,.5,,,,,,,,,,,,,,,,,,,,,,,,,,,,,,,,,,,
,,Ljungbyhed,27,,Ljungbyhed,2127,.5,.5,,,,,,,,,,,,,,,,,,,,,,,,,,,,,,,,,,,
,,Ljungbyholm,09,,Ljungbyholm,1725,.5,.5,,,,,,,,,,,,,,,,,,,,,,,,,,,,,,,,,,,
,,Ljunghusen,27,,Ljunghusen,2444,.5,.5,,,,,,,,,,,,,,,,,,,,,,,,,,,,,,,,,,,
,,Ljungsbro,16,,Ljungsbro,6763,.5,.5,,,,,,,,,,,,,,,,,,,,,,,,,,,,,,,,,,,
,,Ljungskile,28,,Ljungskile,3689,.5,.5,,,,,,,,,,,,,,,,,,,,,,,,,,,,,,,,,,,
,,Ljusdal,03,,Ljusdal,7259,.5,.5,,,,,,,,,,,,,,,,,,,,,,,,,,,,,,,,,,,
,,Ljusne,03,,Ljusne,1946,.5,.5,,,,,,,,,,,,,,,,,,,,,,,,,,,,,,,,,,,
,,Lomma,27,,Lomma,12368,.5,.5,,,,,,,,,,,,,,,,,,,,,,,,,,,,,,,,,,,
,,Lotorp,16,,Lotorp,685,.5,.5,,,,,,,,,,,,,,,,,,,,,,,,,,,,,,,,,,,
,,Lucksta,24,,Lucksta,637,.5,.5,,,,,,,,,,,,,,,,,,,,,,,,,,,,,,,,,,,
,,Ludvigsborg,27,,Ludvigsborg,743,.5,.5,,,,,,,,,,,,,,,,,,,,,,,,,,,,,,,,,,,
,,Ludvika,10,,Ludvika,15245,.5,.5,,,,,,,,,,,,,,,,,,,,,,,,,,,,,,,,,,,
,,Lugnås,28,,Lugnås,641,.5,.5,,,,,,,,,,,,,,,,,,,,,,,,,,,,,,,,,,,
,,Luleå,14,,Luleå,43574,.5,.5,,,,,,,,,,,,,,,,,,,,,,,,,,,,,,,,,,,
,,Lund,27,,Lund,87244,.5,.5,,,,,,,,,,,,,,,,,,,,,,,,,,,,,,,,,,,
,,Lundsbrunn,28,,Lundsbrunn,909,.5,.5,,,,,,,,,,,,,,,,,,,,,,,,,,,,,,,,,,,
,,Lycksele,23,,Lycksele,8545,.5,.5,,,,,,,,,,,,,,,,,,,,,,,,,,,,,,,,,,,
,,Lysekil,28,,Lysekil,7734,.5,.5,,,,,,,,,,,,,,,,,,,,,,,,,,,,,,,,,,,
,,Länghem,28,,Länghem,1086,.5,.5,,,,,,,,,,,,,,,,,,,,,,,,,,,,,,,,,,,
,,Länna,21,,Länna,700,.5,.5,,,,,,,,,,,,,,,,,,,,,,,,,,,,,,,,,,,
,,Långsele,23,,Långsele,1620,.5,.5,,,,,,,,,,,,,,,,,,,,,,,,,,,,,,,,,,,
,,Långsele,24,,Långsele,1642,.5,.5,,,,,,,,,,,,,,,,,,,,,,,,,,,,,,,,,,,
,,Långshyttan,10,,Långshyttan,1609,.5,.5,,,,,,,,,,,,,,,,,,,,,,,,,,,,,,,,,,,
,,Långvik,26,,Långvik,1206,.5,.5,,,,,,,,,,,,,,,,,,,,,,,,,,,,,,,,,,,
,,Långvik,14,,Långvik,536,.5,.5,,,,,,,,,,,,,,,,,,,,,,,,,,,,,,,,,,,
,,Långås,06,,Långås,539,.5,.5,,,,,,,,,,,,,,,,,,,,,,,,,,,,,,,,,,,
,,Löberöd,27,,Löberöd,1251,.5,.5,,,,,,,,,,,,,,,,,,,,,,,,,,,,,,,,,,,
,,Löddeköpinge,27,,Löddeköpinge,6481,.5,.5,,,,,,,,,,,,,,,,,,,,,,,,,,,,,,,,,,,
,,Löderup,27,,Löderup,614,.5,.5,,,,,,,,,,,,,,,,,,,,,,,,,,,,,,,,,,,
,,Lödöse,28,,Lödöse,1540,.5,.5,,,,,,,,,,,,,,,,,,,,,,,,,,,,,,,,,,,
,,Lögdeå,23,,Lögdeå,516,.5,.5,,,,,,,,,,,,,,,,,,,,,,,,,,,,,,,,,,,
,,Lönsboda,27,,Lönsboda,1986,.5,.5,,,,,,,,,,,,,,,,,,,,,,,,,,,,,,,,,,,
,,Löttorp,09,,Löttorp,562,.5,.5,,,,,,,,,,,,,,,,,,,,,,,,,,,,,,,,,,,
,,Lövestad,27,,Lövestad,636,.5,.5,,,,,,,,,,,,,,,,,,,,,,,,,,,,,,,,,,,
,,Lövgärdet,28,,Lövgärdet,7113,.5,.5,,,,,,,,,,,,,,,,,,,,,,,,,,,,,,,,,,,
,,Lövstalöt,21,,Lövstalöt,1399,.5,.5,,,,,,,,,,,,,,,,,,,,,,,,,,,,,,,,,,,
,,Lövånger,23,,Lövånger,810,.5,.5,,,,,,,,,,,,,,,,,,,,,,,,,,,,,,,,,,,
,,Majorna,28,,Majorna,29254,.5,.5,,,,,,,,,,,,,,,,,,,,,,,,,,,,,,,,,,,
,,Malmberget,14,,Malmberget,6017,.5,.5,,,,,,,,,,,,,,,,,,,,,,,,,,,,,,,,,,,
,,Malmbäck,08,,Malmbäck,1087,.5,.5,,,,,,,,,,,,,,,,,,,,,,,,,,,,,,,,,,,
,,Malmköping,18,,Malmköping,2106,.5,.5,,,,,,,,,,,,,,,,,,,,,,,,,,,,,,,,,,,
,,Malmslätt,16,,Malmslätt,5074,.5,.5,,,,,,,,,,,,,,,,,,,,,,,,,,,,,,,,,,,
,,Malmö,27,,Malmö,301706,.5,.5,,,,,,,,,,,,,,,,,,,,,,,,,,,,,,,,,,,
,,Malung,10,,Malung,4927,.5,.5,,,,,,,,,,,,,,,,,,,,,,,,,,,,,,,,,,,
,,Malungsfors,10,,Malungsfors,574,.5,.5,,,,,,,,,,,,,,,,,,,,,,,,,,,,,,,,,,,
,,Malå,23,,Malå,2043,.5,.5,,,,,,,,,,,,,,,,,,,,,,,,,,,,,,,,,,,
,,Mantorp,16,,Mantorp,3781,.5,.5,,,,,,,,,,,,,,,,,,,,,,,,,,,,,,,,,,,
,,Mariannelund,08,,Mariannelund,1503,.5,.5,,,,,,,,,,,,,,,,,,,,,,,,,,,,,,,,,,,
,,Marieberg,21,,Marieberg,1181,.5,.5,,,,,,,,,,,,,,,,,,,,,,,,,,,,,,,,,,,
,,Mariefred,18,,Mariefred,3911,.5,.5,,,,,,,,,,,,,,,,,,,,,,,,,,,,,,,,,,,
,,Marieholm,27,,Marieholm,1604,.5,.5,,,,,,,,,,,,,,,,,,,,,,,,,,,,,,,,,,,
,,Marieholm,08,,Marieholm,1578,.5,.5,,,,,,,,,,,,,,,,,,,,,,,,,,,,,,,,,,,
,,Marielund,14,,Marielund,1726,.5,.5,,,,,,,,,,,,,,,,,,,,,,,,,,,,,,,,,,,
,,Marielund,18,,Marielund,532,.5,.5,,,,,,,,,,,,,,,,,,,,,,,,,,,,,,,,,,,
,,Mariestad,28,,Mariestad,16122,.5,.5,,,,,,,,,,,,,,,,,,,,,,,,,,,,,,,,,,,
,,Markaryd,12,,Markaryd,4664,.5,.5,,,,,,,,,,,,,,,,,,,,,,,,,,,,,,,,,,,
,,Matfors,24,,Matfors,3437,.5,.5,,,,,,,,,,,,,,,,,,,,,,,,,,,,,,,,,,,
,,Medle,23,,Medle,543,.5,.5,,,,,,,,,,,,,,,,,,,,,,,,,,,,,,,,,,,
,,Mellansel,24,,Mellansel,825,.5,.5,,,,,,,,,,,,,,,,,,,,,,,,,,,,,,,,,,,
,,Mellbystrand,06,,Mellbystrand,3412,.5,.5,,,,,,,,,,,,,,,,,,,,,,,,,,,,,,,,,,,
,,Mellerud,28,,Mellerud,3797,.5,.5,,,,,,,,,,,,,,,,,,,,,,,,,,,,,,,,,,,
,,Mellösa,15,,Mellösa,551,.5,.5,,,,,,,,,,,,,,,,,,,,,,,,,,,,,,,,,,,
,,Mellösa,18,,Mellösa,505,.5,.5,,,,,,,,,,,,,,,,,,,,,,,,,,,,,,,,,,,
,,Mjällby,06,,Mjällby,1272,.5,.5,,,,,,,,,,,,,,,,,,,,,,,,,,,,,,,,,,,
,,Mjällby,02,,Mjällby,1319,.5,.5,,,,,,,,,,,,,,,,,,,,,,,,,,,,,,,,,,,
,,Mjölby,16,,Mjölby,12858,.5,.5,,,,,,,,,,,,,,,,,,,,,,,,,,,,,,,,,,,
,,Mockfjärd,10,,Mockfjärd,1920,.5,.5,,,,,,,,,,,,,,,,,,,,,,,,,,,,,,,,,,,
,,Mohed,03,,Mohed,550,.5,.5,,,,,,,,,,,,,,,,,,,,,,,,,,,,,,,,,,,
,,Moheda,12,,Moheda,1880,.5,.5,,,,,,,,,,,,,,,,,,,,,,,,,,,,,,,,,,,
,,Moholm,28,,Moholm,647,.5,.5,,,,,,,,,,,,,,,,,,,,,,,,,,,,,,,,,,,
,,Molkom,22,,Molkom,1896,.5,.5,,,,,,,,,,,,,,,,,,,,,,,,,,,,,,,,,,,
,,Mora,10,,Mora,12602,.5,.5,,,,,,,,,,,,,,,,,,,,,,,,,,,,,,,,,,,
,,Mora,10,,Mora,797,.5,.5,,,,,,,,,,,,,,,,,,,,,,,,,,,,,,,,,,,
,,Morgongåva,21,,Morgongåva,1441,.5,.5,,,,,,,,,,,,,,,,,,,,,,,,,,,,,,,,,,,
,,Mosås,15,,Mosås,899,.5,.5,,,,,,,,,,,,,,,,,,,,,,,,,,,,,,,,,,,
,,Motala,16,,Motala,30944,.5,.5,,,,,,,,,,,,,,,,,,,,,,,,,,,,,,,,,,,
,,Mullhyttan,15,,Mullhyttan,534,.5,.5,,,,,,,,,,,,,,,,,,,,,,,,,,,,,,,,,,,
,,Mullsjö,08,,Mullsjö,5584,.5,.5,,,,,,,,,,,,,,,,,,,,,,,,,,,,,,,,,,,
,,Munka-Ljungby,27,,Munka-Ljungby,3148,.5,.5,,,,,,,,,,,,,,,,,,,,,,,,,,,,,,,,,,,
,,Munkedal,28,,Munkedal,3910,.5,.5,,,,,,,,,,,,,,,,,,,,,,,,,,,,,,,,,,,
,,Munkfors,22,,Munkfors,2834,.5,.5,,,,,,,,,,,,,,,,,,,,,,,,,,,,,,,,,,,
,,Myggenäs,28,,Myggenäs,1460,.5,.5,,,,,,,,,,,,,,,,,,,,,,,,,,,,,,,,,,,
,,Myresjö,08,,Myresjö,728,.5,.5,,,,,,,,,,,,,,,,,,,,,,,,,,,,,,,,,,,
,,Märsta,26,,Märsta,27034,.5,.5,,,,,,,,,,,,,,,,,,,,,,,,,,,,,,,,,,,
,,Målilla,09,,Målilla,1348,.5,.5,,,,,,,,,,,,,,,,,,,,,,,,,,,,,,,,,,,
,,Målsryd,28,,Målsryd,910,.5,.5,,,,,,,,,,,,,,,,,,,,,,,,,,,,,,,,,,,
,,Månkarbo,21,,Månkarbo,671,.5,.5,,,,,,,,,,,,,,,,,,,,,,,,,,,,,,,,,,,
,,Måttsund,14,,Måttsund,589,.5,.5,,,,,,,,,,,,,,,,,,,,,,,,,,,,,,,,,,,
,,Mölle,27,,Mölle,634,.5,.5,,,,,,,,,,,,,,,,,,,,,,,,,,,,,,,,,,,
,,Mölltorp,28,,Mölltorp,1047,.5,.5,,,,,,,,,,,,,,,,,,,,,,,,,,,,,,,,,,,
,,Mölnbo,26,,Mölnbo,1089,.5,.5,,,,,,,,,,,,,,,,,,,,,,,,,,,,,,,,,,,
,,Mölndal,28,,Mölndal,59430,.5,.5,,,,,,,,,,,,,,,,,,,,,,,,,,,,,,,,,,,
,,Mölnlycke,28,,Mölnlycke,17579,.5,.5,,,,,,,,,,,,,,,,,,,,,,,,,,,,,,,,,,,
,,Mönsterås,09,,Mönsterås,4998,.5,.5,,,,,,,,,,,,,,,,,,,,,,,,,,,,,,,,,,,
,,Mörarp,27,,Mörarp,1935,.5,.5,,,,,,,,,,,,,,,,,,,,,,,,,,,,,,,,,,,
,,Mörbylånga,09,,Mörbylånga,1824,.5,.5,,,,,,,,,,,,,,,,,,,,,,,,,,,,,,,,,,,
,,Mörlunda,09,,Mörlunda,857,.5,.5,,,,,,,,,,,,,,,,,,,,,,,,,,,,,,,,,,,
,,Mörrum,02,,Mörrum,3903,.5,.5,,,,,,,,,,,,,,,,,,,,,,,,,,,,,,,,,,,
,,Mörsil,07,,Mörsil,781,.5,.5,,,,,,,,,,,,,,,,,,,,,,,,,,,,,,,,,,,
,,Mörtnäs,26,,Mörtnäs,1291,.5,.5,,,,,,,,,,,,,,,,,,,,,,,,,,,,,,,,,,,
,,Nacka,26,,Nacka,25170,.5,.5,,,,,,,,,,,,,,,,,,,,,,,,,,,,,,,,,,,
,,Njurundabommen,24,,Njurundabommen,1959,.5,.5,,,,,,,,,,,,,,,,,,,,,,,,,,,,,,,,,,,
,,Njutånger,03,,Njutånger,849,.5,.5,,,,,,,,,,,,,,,,,,,,,,,,,,,,,,,,,,,
,,Nogersund,02,,Nogersund,532,.5,.5,,,,,,,,,,,,,,,,,,,,,,,,,,,,,,,,,,,
,,Nolby,24,,Nolby,1200,.5,.5,,,,,,,,,,,,,,,,,,,,,,,,,,,,,,,,,,,
,,Nolvik,28,,Nolvik,987,.5,.5,,,,,,,,,,,,,,,,,,,,,,,,,,,,,,,,,,,
,,Nolvik,28,,Nolvik,1373,.5,.5,,,,,,,,,,,,,,,,,,,,,,,,,,,,,,,,,,,
,,Nora,15,,Nora,6597,.5,.5,,,,,,,,,,,,,,,,,,,,,,,,,,,,,,,,,,,
,,Norberg,25,,Norberg,4653,.5,.5,,,,,,,,,,,,,,,,,,,,,,,,,,,,,,,,,,,
,,Nordmaling,23,,Nordmaling,2671,.5,.5,,,,,,,,,,,,,,,,,,,,,,,,,,,,,,,,,,,
,,Norje,02,,Norje,814,.5,.5,,,,,,,,,,,,,,,,,,,,,,,,,,,,,,,,,,,
,,Norra Bro,15,,Norra Bro,880,.5,.5,,,,,,,,,,,,,,,,,,,,,,,,,,,,,,,,,,,
,,Norra Åsum,27,,Norra Åsum,1248,.5,.5,,,,,,,,,,,,,,,,,,,,,,,,,,,,,,,,,,,
,,Norrfjärden,14,,Norrfjärden,1562,.5,.5,,,,,,,,,,,,,,,,,,,,,,,,,,,,,,,,,,,
,,Norrköping,16,,Norrköping,93765,.5,.5,,,,,,,,,,,,,,,,,,,,,,,,,,,,,,,,,,,
,,Norrsundet,03,,Norrsundet,966,.5,.5,,,,,,,,,,,,,,,,,,,,,,,,,,,,,,,,,,,
,,Norrtälje,26,,Norrtälje,19365,.5,.5,,,,,,,,,,,,,,,,,,,,,,,,,,,,,,,,,,,
,,Norsholm,16,,Norsholm,566,.5,.5,,,,,,,,,,,,,,,,,,,,,,,,,,,,,,,,,,,
,,Norsjö,23,,Norsjö,2057,.5,.5,,,,,,,,,,,,,,,,,,,,,,,,,,,,,,,,,,,
,,Nossebro,28,,Nossebro,1884,.5,.5,,,,,,,,,,,,,,,,,,,,,,,,,,,,,,,,,,,
,,Nusnäs,10,,Nusnäs,741,.5,.5,,,,,,,,,,,,,,,,,,,,,,,,,,,,,,,,,,,
,,Nyborg,14,,Nyborg,823,.5,.5,,,,,,,,,,,,,,,,,,,,,,,,,,,,,,,,,,,
,,Nybro,09,,Nybro,13039,.5,.5,,,,,,,,,,,,,,,,,,,,,,,,,,,,,,,,,,,
,,Nyhammar,10,,Nyhammar,1052,.5,.5,,,,,,,,,,,,,,,,,,,,,,,,,,,,,,,,,,,
,,Nykroppa,22,,Nykroppa,788,.5,.5,,,,,,,,,,,,,,,,,,,,,,,,,,,,,,,,,,,
,,Nykvarn,26,,Nykvarn,7327,.5,.5,,,,,,,,,,,,,,,,,,,,,,,,,,,,,,,,,,,
,,Nykvarn,26,,Nykvarn,6032,.5,.5,,,,,,,,,,,,,,,,,,,,,,,,,,,,,,,,,,,
,,Nyköping,18,,Nyköping,32224,.5,.5,,,,,,,,,,,,,,,,,,,,,,,,,,,,,,,,,,,
,,Nyland,24,,Nyland,892,.5,.5,,,,,,,,,,,,,,,,,,,,,,,,,,,,,,,,,,,
,,Nyland,23,,Nyland,945,.5,.5,,,,,,,,,,,,,,,,,,,,,,,,,,,,,,,,,,,
,,Nynäshamn,26,,Nynäshamn,14532,.5,.5,,,,,,,,,,,,,,,,,,,,,,,,,,,,,,,,,,,
,,Nälden,07,,Nälden,986,.5,.5,,,,,,,,,,,,,,,,,,,,,,,,,,,,,,,,,,,
,,Nässjö,08,,Nässjö,17719,.5,.5,,,,,,,,,,,,,,,,,,,,,,,,,,,,,,,,,,,
,,Näsum,27,,Näsum,1307,.5,.5,,,,,,,,,,,,,,,,,,,,,,,,,,,,,,,,,,,
,,Näsviken,03,,Näsviken,910,.5,.5,,,,,,,,,,,,,,,,,,,,,,,,,,,,,,,,,,,
,,Näsåker,24,,Näsåker,526,.5,.5,,,,,,,,,,,,,,,,,,,,,,,,,,,,,,,,,,,
,,Nättraby,02,,Nättraby,3284,.5,.5,,,,,,,,,,,,,,,,,,,,,,,,,,,,,,,,,,,
,,Nävekvarn,18,,Nävekvarn,779,.5,.5,,,,,,,,,,,,,,,,,,,,,,,,,,,,,,,,,,,
,,Obbola,23,,Obbola,2173,.5,.5,,,,,,,,,,,,,,,,,,,,,,,,,,,,,,,,,,,
,,Ockelbo,03,,Ockelbo,2875,.5,.5,,,,,,,,,,,,,,,,,,,,,,,,,,,,,,,,,,,
,,Odensbacken,15,,Odensbacken,1378,.5,.5,,,,,,,,,,,,,,,,,,,,,,,,,,,,,,,,,,,
,,Odensjö,08,,Odensjö,2646,.5,.5,,,,,,,,,,,,,,,,,,,,,,,,,,,,,,,,,,,
,,Olofstorp,28,,Olofstorp,3746,.5,.5,,,,,,,,,,,,,,,,,,,,,,,,,,,,,,,,,,,
,,Olofstorp,28,,Olofstorp,2783,.5,.5,,,,,,,,,,,,,,,,,,,,,,,,,,,,,,,,,,,
,,Olofström,02,,Olofström,7526,.5,.5,,,,,,,,,,,,,,,,,,,,,,,,,,,,,,,,,,,
,,Olsfors,28,,Olsfors,617,.5,.5,,,,,,,,,,,,,,,,,,,,,,,,,,,,,,,,,,,
,,Olstorp,18,,Olstorp,1017,.5,.5,,,,,,,,,,,,,,,,,,,,,,,,,,,,,,,,,,,
,,Olstorp,28,,Olstorp,1017,.5,.5,,,,,,,,,,,,,,,,,,,,,,,,,,,,,,,,,,,
,,Onsala,06,,Onsala,12275,.5,.5,,,,,,,,,,,,,,,,,,,,,,,,,,,,,,,,,,,
,,Onslunda,27,,Onslunda,524,.5,.5,,,,,,,,,,,,,,,,,,,,,,,,,,,,,,,,,,,
,,Ornäs,10,,Ornäs,1083,.5,.5,,,,,,,,,,,,,,,,,,,,,,,,,,,,,,,,,,,
,,Orrefors,09,,Orrefors,766,.5,.5,,,,,,,,,,,,,,,,,,,,,,,,,,,,,,,,,,,
,,Orsa,10,,Orsa,5349,.5,.5,,,,,,,,,,,,,,,,,,,,,,,,,,,,,,,,,,,
,,Osby,27,,Osby,7554,.5,.5,,,,,,,,,,,,,,,,,,,,,,,,,,,,,,,,,,,
,,Oskar-Fredriksborg,26,,Oskar-Fredriksborg,732,.5,.5,,,,,,,,,,,,,,,,,,,,,,,,,,,,,,,,,,,
,,Oskarshamn,09,,Oskarshamn,18287,.5,.5,,,,,,,,,,,,,,,,,,,,,,,,,,,,,,,,,,,
,,Oskarström,06,,Oskarström,4172,.5,.5,,,,,,,,,,,,,,,,,,,,,,,,,,,,,,,,,,,
,,Ostvik,23,,Ostvik,537,.5,.5,,,,,,,,,,,,,,,,,,,,,,,,,,,,,,,,,,,
,,Otterbäcken,28,,Otterbäcken,686,.5,.5,,,,,,,,,,,,,,,,,,,,,,,,,,,,,,,,,,,
,,Oxelösund,18,,Oxelösund,11157,.5,.5,,,,,,,,,,,,,,,,,,,,,,,,,,,,,,,,,,,
,,Oxie,27,,Oxie,12665,.5,.5,,,,,,,,,,,,,,,,,,,,,,,,,,,,,,,,,,,
,,Pajala,14,,Pajala,2032,.5,.5,,,,,,,,,,,,,,,,,,,,,,,,,,,,,,,,,,,
,,Parksidan,26,,Parksidan,944,.5,.5,,,,,,,,,,,,,,,,,,,,,,,,,,,,,,,,,,,
,,Partille,28,,Partille,28648,.5,.5,,,,,,,,,,,,,,,,,,,,,,,,,,,,,,,,,,,
,,Pershagen,26,,Pershagen,2235,.5,.5,,,,,,,,,,,,,,,,,,,,,,,,,,,,,,,,,,,
,,Perstorp,27,,Perstorp,5847,.5,.5,,,,,,,,,,,,,,,,,,,,,,,,,,,,,,,,,,,
,,Piperskärr,09,,Piperskärr,579,.5,.5,,,,,,,,,,,,,,,,,,,,,,,,,,,,,,,,,,,
,,Piteå,14,,Piteå,23067,.5,.5,,,,,,,,,,,,,,,,,,,,,,,,,,,,,,,,,,,
,,Påarp,27,,Påarp,2932,.5,.5,,,,,,,,,,,,,,,,,,,,,,,,,,,,,,,,,,,
,,Pålsboda,15,,Pålsboda,1610,.5,.5,,,,,,,,,,,,,,,,,,,,,,,,,,,,,,,,,,,
,,Påryd,09,,Påryd,663,.5,.5,,,,,,,,,,,,,,,,,,,,,,,,,,,,,,,,,,,
,,Påskallavik,09,,Påskallavik,1099,.5,.5,,,,,,,,,,,,,,,,,,,,,,,,,,,,,,,,,,,
,,Raksta,26,,Raksta,629,.5,.5,,,,,,,,,,,,,,,,,,,,,,,,,,,,,,,,,,,
,,Ramnäs,25,,Ramnäs,1333,.5,.5,,,,,,,,,,,,,,,,,,,,,,,,,,,,,,,,,,,
,,Ramsele,24,,Ramsele,858,.5,.5,,,,,,,,,,,,,,,,,,,,,,,,,,,,,,,,,,,
,,Ramsele,23,,Ramsele,964,.5,.5,,,,,,,,,,,,,,,,,,,,,,,,,,,,,,,,,,,
,,Ramvik,24,,Ramvik,746,.5,.5,,,,,,,,,,,,,,,,,,,,,,,,,,,,,,,,,,,
,,Rannebergen,28,,Rannebergen,4364,.5,.5,,,,,,,,,,,,,,,,,,,,,,,,,,,,,,,,,,,
,,Ransta,25,,Ransta,850,.5,.5,,,,,,,,,,,,,,,,,,,,,,,,,,,,,,,,,,,
,,Reftele,08,,Reftele,1289,.5,.5,,,,,,,,,,,,,,,,,,,,,,,,,,,,,,,,,,,
,,Rejmyre,16,,Rejmyre,886,.5,.5,,,,,,,,,,,,,,,,,,,,,,,,,,,,,,,,,,,
,,Resarö,26,,Resarö,3249,.5,.5,,,,,,,,,,,,,,,,,,,,,,,,,,,,,,,,,,,
,,Rimbo,26,,Rimbo,4882,.5,.5,,,,,,,,,,,,,,,,,,,,,,,,,,,,,,,,,,,
,,Rimforsa,16,,Rimforsa,2259,.5,.5,,,,,,,,,,,,,,,,,,,,,,,,,,,,,,,,,,,
,,Rindö,26,,Rindö,1100,.5,.5,,,,,,,,,,,,,,,,,,,,,,,,,,,,,,,,,,,
,,Ringarum,16,,Ringarum,605,.5,.5,,,,,,,,,,,,,,,,,,,,,,,,,,,,,,,,,,,
,,Rinkaby,27,,Rinkaby,768,.5,.5,,,,,,,,,,,,,,,,,,,,,,,,,,,,,,,,,,,
,,Rinkaby,15,,Rinkaby,700,.5,.5,,,,,,,,,,,,,,,,,,,,,,,,,,,,,,,,,,,
,,Rinkabyholm,09,,Rinkabyholm,1631,.5,.5,,,,,,,,,,,,,,,,,,,,,,,,,,,,,,,,,,,
,,Risögrund,14,,Risögrund,594,.5,.5,,,,,,,,,,,,,,,,,,,,,,,,,,,,,,,,,,,
,,Robertsfors,23,,Robertsfors,2030,.5,.5,,,,,,,,,,,,,,,,,,,,,,,,,,,,,,,,,,,
,,Rockneby,09,,Rockneby,898,.5,.5,,,,,,,,,,,,,,,,,,,,,,,,,,,,,,,,,,,
,,Roknäs,14,,Roknäs,1259,.5,.5,,,,,,,,,,,,,,,,,,,,,,,,,,,,,,,,,,,
,,Rolfs,14,,Rolfs,1001,.5,.5,,,,,,,,,,,,,,,,,,,,,,,,,,,,,,,,,,,
,,Rolfstorp,06,,Rolfstorp,537,.5,.5,,,,,,,,,,,,,,,,,,,,,,,,,,,,,,,,,,,
,,Roma,05,,Roma,905,.5,.5,,,,,,,,,,,,,,,,,,,,,,,,,,,,,,,,,,,
,,Romme,10,,Romme,1735,.5,.5,,,,,,,,,,,,,,,,,,,,,,,,,,,,,,,,,,,
,,Ronneby,02,,Ronneby,12612,.5,.5,,,,,,,,,,,,,,,,,,,,,,,,,,,,,,,,,,,
,,Ronnebyhamn,02,,Ronnebyhamn,749,.5,.5,,,,,,,,,,,,,,,,,,,,,,,,,,,,,,,,,,,
,,Rosersberg,26,,Rosersberg,1765,.5,.5,,,,,,,,,,,,,,,,,,,,,,,,,,,,,,,,,,,
,,Rosvik,14,,Rosvik,1848,.5,.5,,,,,,,,,,,,,,,,,,,,,,,,,,,,,,,,,,,
,,Rot,10,,Rot,662,.5,.5,,,,,,,,,,,,,,,,,,,,,,,,,,,,,,,,,,,
,,Rottne,12,,Rottne,2395,.5,.5,,,,,,,,,,,,,,,,,,,,,,,,,,,,,,,,,,,
,,Ruda,16,,Ruda,608,.5,.5,,,,,,,,,,,,,,,,,,,,,,,,,,,,,,,,,,,
,,Ruda,09,,Ruda,652,.5,.5,,,,,,,,,,,,,,,,,,,,,,,,,,,,,,,,,,,
,,Rundvik,23,,Rundvik,810,.5,.5,,,,,,,,,,,,,,,,,,,,,,,,,,,,,,,,,,,
,,Rutvik,14,,Rutvik,896,.5,.5,,,,,,,,,,,,,,,,,,,,,,,,,,,,,,,,,,,
,,Ryd,12,,Ryd,1474,.5,.5,,,,,,,,,,,,,,,,,,,,,,,,,,,,,,,,,,,
,,Ryd,16,,Ryd,1446,.5,.5,,,,,,,,,,,,,,,,,,,,,,,,,,,,,,,,,,,
,,Rydaholm,08,,Rydaholm,1587,.5,.5,,,,,,,,,,,,,,,,,,,,,,,,,,,,,,,,,,,
,,Rydbo,26,,Rydbo,597,.5,.5,,,,,,,,,,,,,,,,,,,,,,,,,,,,,,,,,,,
,,Rydboholm,28,,Rydboholm,993,.5,.5,,,,,,,,,,,,,,,,,,,,,,,,,,,,,,,,,,,
,,Rydebäck,27,,Rydebäck,5904,.5,.5,,,,,,,,,,,,,,,,,,,,,,,,,,,,,,,,,,,
,,Rydsgård,27,,Rydsgård,1383,.5,.5,,,,,,,,,,,,,,,,,,,,,,,,,,,,,,,,,,,
,,Ryssby,12,,Ryssby,691,.5,.5,,,,,,,,,,,,,,,,,,,,,,,,,,,,,,,,,,,
,,Ryssby,08,,Ryssby,689,.5,.5,,,,,,,,,,,,,,,,,,,,,,,,,,,,,,,,,,,
,,Rättvik,10,,Rättvik,5160,.5,.5,,,,,,,,,,,,,,,,,,,,,,,,,,,,,,,,,,,
,,Rävlanda,28,,Rävlanda,1522,.5,.5,,,,,,,,,,,,,,,,,,,,,,,,,,,,,,,,,,,
,,Råby,10,,Råby,879,.5,.5,,,,,,,,,,,,,,,,,,,,,,,,,,,,,,,,,,,
,,Råby,21,,Råby,924,.5,.5,,,,,,,,,,,,,,,,,,,,,,,,,,,,,,,,,,,
,,Råneå,14,,Råneå,1966,.5,.5,,,,,,,,,,,,,,,,,,,,,,,,,,,,,,,,,,,
,,Råsunda,26,,Råsunda,16877,.5,.5,,,,,,,,,,,,,,,,,,,,,,,,,,,,,,,,,,,
,,Råtorp,22,,Råtorp,3287,.5,.5,,,,,,,,,,,,,,,,,,,,,,,,,,,,,,,,,,,
,,Röbäck,23,,Röbäck,2460,.5,.5,,,,,,,,,,,,,,,,,,,,,,,,,,,,,,,,,,,
,,Rödeby,02,,Rödeby,3508,.5,.5,,,,,,,,,,,,,,,,,,,,,,,,,,,,,,,,,,,
,,Rönninge,26,,Rönninge,0,.5,.5,,,,,,,,,,,,,,,,,,,,,,,,,,,,,,,,,,,
,,Rönnäng,28,,Rönnäng,1551,.5,.5,,,,,,,,,,,,,,,,,,,,,,,,,,,,,,,,,,,
,,Rörvik,08,,Rörvik,582,.5,.5,,,,,,,,,,,,,,,,,,,,,,,,,,,,,,,,,,,
,,Rörvik,26,,Rörvik,555,.5,.5,,,,,,,,,,,,,,,,,,,,,,,,,,,,,,,,,,,
,,Röstånga,27,,Röstånga,874,.5,.5,,,,,,,,,,,,,,,,,,,,,,,,,,,,,,,,,,,
,,Sala,25,,Sala,13087,.5,.5,,,,,,,,,,,,,,,,,,,,,,,,,,,,,,,,,,,
,,Saltsjöbaden,26,,Saltsjöbaden,9477,.5,.5,,,,,,,,,,,,,,,,,,,,,,,,,,,,,,,,,,,
,,Sandared,28,,Sandared,2993,.5,.5,,,,,,,,,,,,,,,,,,,,,,,,,,,,,,,,,,,
,,Sandarne,03,,Sandarne,1681,.5,.5,,,,,,,,,,,,,,,,,,,,,,,,,,,,,,,,,,,
,,Sandhem,28,,Sandhem,706,.5,.5,,,,,,,,,,,,,,,,,,,,,,,,,,,,,,,,,,,
,,Sandhem,08,,Sandhem,673,.5,.5,,,,,,,,,,,,,,,,,,,,,,,,,,,,,,,,,,,
,,Sandhult,28,,Sandhult,563,.5,.5,,,,,,,,,,,,,,,,,,,,,,,,,,,,,,,,,,,
,,Sandskogen,27,,Sandskogen,689,.5,.5,,,,,,,,,,,,,,,,,,,,,,,,,,,,,,,,,,,
,,Sandviken,03,,Sandviken,24724,.5,.5,,,,,,,,,,,,,,,,,,,,,,,,,,,,,,,,,,,
,,Sangis,14,,Sangis,543,.5,.5,,,,,,,,,,,,,,,,,,,,,,,,,,,,,,,,,,,
,,Sankt Olof,27,,Sankt Olof,666,.5,.5,,,,,,,,,,,,,,,,,,,,,,,,,,,,,,,,,,,
,,Saxdalen,10,,Saxdalen,620,.5,.5,,,,,,,,,,,,,,,,,,,,,,,,,,,,,,,,,,,
,,Saxtorpsskogen,27,,Saxtorpsskogen,1174,.5,.5,,,,,,,,,,,,,,,,,,,,,,,,,,,,,,,,,,,
,,Segeltorp,26,,Segeltorp,10536,.5,.5,,,,,,,,,,,,,,,,,,,,,,,,,,,,,,,,,,,
,,Segersäng,26,,Segersäng,757,.5,.5,,,,,,,,,,,,,,,,,,,,,,,,,,,,,,,,,,,
,,Selja,10,,Selja,547,.5,.5,,,,,,,,,,,,,,,,,,,,,,,,,,,,,,,,,,,
,,Sexdrega,28,,Sexdrega,802,.5,.5,,,,,,,,,,,,,,,,,,,,,,,,,,,,,,,,,,,
,,Sibbhult,27,,Sibbhult,1431,.5,.5,,,,,,,,,,,,,,,,,,,,,,,,,,,,,,,,,,,
,,Sigtuna,26,,Sigtuna,9074,.5,.5,,,,,,,,,,,,,,,,,,,,,,,,,,,,,,,,,,,
,,Siljansnäs,10,,Siljansnäs,1274,.5,.5,,,,,,,,,,,,,,,,,,,,,,,,,,,,,,,,,,,
,,Silverdalen,09,,Silverdalen,681,.5,.5,,,,,,,,,,,,,,,,,,,,,,,,,,,,,,,,,,,
,,Simlångsdalen,06,,Simlångsdalen,648,.5,.5,,,,,,,,,,,,,,,,,,,,,,,,,,,,,,,,,,,
,,Simrishamn,27,,Simrishamn,6779,.5,.5,,,,,,,,,,,,,,,,,,,,,,,,,,,,,,,,,,,
,,Sjuntorp,28,,Sjuntorp,2213,.5,.5,,,,,,,,,,,,,,,,,,,,,,,,,,,,,,,,,,,
,,Sjöbo,27,,Sjöbo,7910,.5,.5,,,,,,,,,,,,,,,,,,,,,,,,,,,,,,,,,,,
,,Sjömarken,28,,Sjömarken,2596,.5,.5,,,,,,,,,,,,,,,,,,,,,,,,,,,,,,,,,,,
,,Sjörröd,27,,Sjörröd,672,.5,.5,,,,,,,,,,,,,,,,,,,,,,,,,,,,,,,,,,,
,,Sjötorp,22,,Sjötorp,551,.5,.5,,,,,,,,,,,,,,,,,,,,,,,,,,,,,,,,,,,
,,Sjövik,28,,Sjövik,929,.5,.5,,,,,,,,,,,,,,,,,,,,,,,,,,,,,,,,,,,
,,Sjövik,10,,Sjövik,892,.5,.5,,,,,,,,,,,,,,,,,,,,,,,,,,,,,,,,,,,
,,Skanör med Falsterbo,27,,Skanör med Falsterbo,7077,.5,.5,,,,,,,,,,,,,,,,,,,,,,,,,,,,,,,,,,,
,,Skara,28,,Skara,11437,.5,.5,,,,,,,,,,,,,,,,,,,,,,,,,,,,,,,,,,,
,,Skattkärr,22,,Skattkärr,1979,.5,.5,,,,,,,,,,,,,,,,,,,,,,,,,,,,,,,,,,,
,,Skavkulla,02,,Skavkulla,784,.5,.5,,,,,,,,,,,,,,,,,,,,,,,,,,,,,,,,,,,
,,Skee,28,,Skee,736,.5,.5,,,,,,,,,,,,,,,,,,,,,,,,,,,,,,,,,,,
,,Skegrie,27,,Skegrie,1156,.5,.5,,,,,,,,,,,,,,,,,,,,,,,,,,,,,,,,,,,
,,Skelleftehamn,23,,Skelleftehamn,3069,.5,.5,,,,,,,,,,,,,,,,,,,,,,,,,,,,,,,,,,,
,,Skellefteå,23,,Skellefteå,35516,.5,.5,,,,,,,,,,,,,,,,,,,,,,,,,,,,,,,,,,,
,,Skepparkroken,27,,Skepparkroken,705,.5,.5,,,,,,,,,,,,,,,,,,,,,,,,,,,,,,,,,,,
,,Skepplanda,28,,Skepplanda,1821,.5,.5,,,,,,,,,,,,,,,,,,,,,,,,,,,,,,,,,,,
,,Skillingaryd,08,,Skillingaryd,3965,.5,.5,,,,,,,,,,,,,,,,,,,,,,,,,,,,,,,,,,,
,,Skillinge,27,,Skillinge,975,.5,.5,,,,,,,,,,,,,,,,,,,,,,,,,,,,,,,,,,,
,,Skillinge,25,,Skillinge,841,.5,.5,,,,,,,,,,,,,,,,,,,,,,,,,,,,,,,,,,,
,,Skinnskatteberg,25,,Skinnskatteberg,2383,.5,.5,,,,,,,,,,,,,,,,,,,,,,,,,,,,,,,,,,,
,,Skivarp,27,,Skivarp,1258,.5,.5,,,,,,,,,,,,,,,,,,,,,,,,,,,,,,,,,,,
,,Skoghall,22,,Skoghall,13605,.5,.5,,,,,,,,,,,,,,,,,,,,,,,,,,,,,,,,,,,
,,Skogsby,09,,Skogsby,948,.5,.5,,,,,,,,,,,,,,,,,,,,,,,,,,,,,,,,,,,
,,Skogstorp,18,,Skogstorp,2180,.5,.5,,,,,,,,,,,,,,,,,,,,,,,,,,,,,,,,,,,
,,Skottorp,06,,Skottorp,512,.5,.5,,,,,,,,,,,,,,,,,,,,,,,,,,,,,,,,,,,
,,Skottsund,24,,Skottsund,1052,.5,.5,,,,,,,,,,,,,,,,,,,,,,,,,,,,,,,,,,,
,,Skrea,06,,Skrea,1846,.5,.5,,,,,,,,,,,,,,,,,,,,,,,,,,,,,,,,,,,
,,Skruv,12,,Skruv,516,.5,.5,,,,,,,,,,,,,,,,,,,,,,,,,,,,,,,,,,,
,,Skruv,12,,Skruv,586,.5,.5,,,,,,,,,,,,,,,,,,,,,,,,,,,,,,,,,,,
,,Skultorp,28,,Skultorp,3644,.5,.5,,,,,,,,,,,,,,,,,,,,,,,,,,,,,,,,,,,
,,Skultuna,25,,Skultuna,3378,.5,.5,,,,,,,,,,,,,,,,,,,,,,,,,,,,,,,,,,,
,,Skurup,27,,Skurup,8040,.5,.5,,,,,,,,,,,,,,,,,,,,,,,,,,,,,,,,,,,
,,Skutskär,21,,Skutskär,6279,.5,.5,,,,,,,,,,,,,,,,,,,,,,,,,,,,,,,,,,,
,,Skyttorp,21,,Skyttorp,636,.5,.5,,,,,,,,,,,,,,,,,,,,,,,,,,,,,,,,,,,
,,Skällinge,06,,Skällinge,636,.5,.5,,,,,,,,,,,,,,,,,,,,,,,,,,,,,,,,,,,
,,Skänninge,16,,Skänninge,3358,.5,.5,,,,,,,,,,,,,,,,,,,,,,,,,,,,,,,,,,,
,,Skänninge,26,,Skänninge,3242,.5,.5,,,,,,,,,,,,,,,,,,,,,,,,,,,,,,,,,,,
,,Skärblacka,16,,Skärblacka,4023,.5,.5,,,,,,,,,,,,,,,,,,,,,,,,,,,,,,,,,,,
,,Skärhamn,28,,Skärhamn,3495,.5,.5,,,,,,,,,,,,,,,,,,,,,,,,,,,,,,,,,,,
,,Skärplinge,21,,Skärplinge,720,.5,.5,,,,,,,,,,,,,,,,,,,,,,,,,,,,,,,,,,,
,,Skåre,27,,Skåre,5173,.5,.5,,,,,,,,,,,,,,,,,,,,,,,,,,,,,,,,,,,
,,Skåre,22,,Skåre,5444,.5,.5,,,,,,,,,,,,,,,,,,,,,,,,,,,,,,,,,,,
,,Sköldinge,18,,Sköldinge,685,.5,.5,,,,,,,,,,,,,,,,,,,,,,,,,,,,,,,,,,,
,,Sköllersta,15,,Sköllersta,1079,.5,.5,,,,,,,,,,,,,,,,,,,,,,,,,,,,,,,,,,,
,,Skövde,28,,Skövde,36842,.5,.5,,,,,,,,,,,,,,,,,,,,,,,,,,,,,,,,,,,
,,Slaka,16,,Slaka,593,.5,.5,,,,,,,,,,,,,,,,,,,,,,,,,,,,,,,,,,,
,,Slite,05,,Slite,946,.5,.5,,,,,,,,,,,,,,,,,,,,,,,,,,,,,,,,,,,
,,Slottsbron,22,,Slottsbron,1010,.5,.5,,,,,,,,,,,,,,,,,,,,,,,,,,,,,,,,,,,
,,Slöinge,06,,Slöinge,991,.5,.5,,,,,,,,,,,,,,,,,,,,,,,,,,,,,,,,,,,
,,Smedby,09,,Smedby,3607,.5,.5,,,,,,,,,,,,,,,,,,,,,,,,,,,,,,,,,,,
,,Smedby,10,,Smedby,3530,.5,.5,,,,,,,,,,,,,,,,,,,,,,,,,,,,,,,,,,,
,,Smedjebacken,10,,Smedjebacken,5258,.5,.5,,,,,,,,,,,,,,,,,,,,,,,,,,,,,,,,,,,
,,Smygehamn,27,,Smygehamn,1297,.5,.5,,,,,,,,,,,,,,,,,,,,,,,,,,,,,,,,,,,
,,Smålandsstenar,08,,Smålandsstenar,4564,.5,.5,,,,,,,,,,,,,,,,,,,,,,,,,,,,,,,,,,,
,,Smögen,28,,Smögen,1292,.5,.5,,,,,,,,,,,,,,,,,,,,,,,,,,,,,,,,,,,
,,Sollebrunn,28,,Sollebrunn,1482,.5,.5,,,,,,,,,,,,,,,,,,,,,,,,,,,,,,,,,,,
,,Sollefteå,24,,Sollefteå,7399,.5,.5,,,,,,,,,,,,,,,,,,,,,,,,,,,,,,,,,,,
,,Sollentuna,26,,Sollentuna,139606,.5,.5,,,,,,,,,,,,,,,,,,,,,,,,,,,,,,,,,,,
,,Sollerön,10,,Sollerön,860,.5,.5,,,,,,,,,,,,,,,,,,,,,,,,,,,,,,,,,,,
,,Solna,26,,Solna,66909,.5,.5,,,,,,,,,,,,,,,,,,,,,,,,,,,,,,,,,,,
,,Sommen,08,,Sommen,789,.5,.5,,,,,,,,,,,,,,,,,,,,,,,,,,,,,,,,,,,
,,Sorsele,23,,Sorsele,1175,.5,.5,,,,,,,,,,,,,,,,,,,,,,,,,,,,,,,,,,,
,,Sparreholm,18,,Sparreholm,734,.5,.5,,,,,,,,,,,,,,,,,,,,,,,,,,,,,,,,,,,
,,Staffanstorp,27,,Staffanstorp,15373,.5,.5,,,,,,,,,,,,,,,,,,,,,,,,,,,,,,,,,,,
,,Stallarholmen,18,,Stallarholmen,1671,.5,.5,,,,,,,,,,,,,,,,,,,,,,,,,,,,,,,,,,,
,,Stavsnäs,26,,Stavsnäs,1784,.5,.5,,,,,,,,,,,,,,,,,,,,,,,,,,,,,,,,,,,
,,Stehag,27,,Stehag,1191,.5,.5,,,,,,,,,,,,,,,,,,,,,,,,,,,,,,,,,,,
,,Stenhamra,26,,Stenhamra,3588,.5,.5,,,,,,,,,,,,,,,,,,,,,,,,,,,,,,,,,,,
,,Steninge,06,,Steninge,1112,.5,.5,,,,,,,,,,,,,,,,,,,,,,,,,,,,,,,,,,,
,,Steninge,26,,Steninge,769,.5,.5,,,,,,,,,,,,,,,,,,,,,,,,,,,,,,,,,,,
,,Stenkullen,28,,Stenkullen,2000,.5,.5,,,,,,,,,,,,,,,,,,,,,,,,,,,,,,,,,,,
,,Stensjön,23,,Stensjön,663,.5,.5,,,,,,,,,,,,,,,,,,,,,,,,,,,,,,,,,,,
,,Stenstorp,16,,Stenstorp,1630,.5,.5,,,,,,,,,,,,,,,,,,,,,,,,,,,,,,,,,,,
,,Stenstorp,28,,Stenstorp,1823,.5,.5,,,,,,,,,,,,,,,,,,,,,,,,,,,,,,,,,,,
,,Stenungsund,28,,Stenungsund,13093,.5,.5,,,,,,,,,,,,,,,,,,,,,,,,,,,,,,,,,,,
,,Stidsvig,27,,Stidsvig,730,.5,.5,,,,,,,,,,,,,,,,,,,,,,,,,,,,,,,,,,,
,,Stigtomta,18,,Stigtomta,1949,.5,.5,,,,,,,,,,,,,,,,,,,,,,,,,,,,,,,,,,,
,,Stjärnhov,18,,Stjärnhov,555,.5,.5,,,,,,,,,,,,,,,,,,,,,,,,,,,,,,,,,,,
,,Stoby,27,,Stoby,729,.5,.5,,,,,,,,,,,,,,,,,,,,,,,,,,,,,,,,,,,
,,Stockaryd,08,,Stockaryd,1019,.5,.5,,,,,,,,,,,,,,,,,,,,,,,,,,,,,,,,,,,
,,Stockholm,26,,Stockholm,1515017,.5,.5,,,,,,,,,,,,,,,,,,,,,,,,,,,,,,,,,,,
,,Stockvik,24,,Stockvik,2532,.5,.5,,,,,,,,,,,,,,,,,,,,,,,,,,,,,,,,,,,
,,Stora Höga,28,,Stora Höga,2846,.5,.5,,,,,,,,,,,,,,,,,,,,,,,,,,,,,,,,,,,
,,Stora Levene,28,,Stora Levene,809,.5,.5,,,,,,,,,,,,,,,,,,,,,,,,,,,,,,,,,,,
,,Stora Mellösa,15,,Stora Mellösa,801,.5,.5,,,,,,,,,,,,,,,,,,,,,,,,,,,,,,,,,,,
,,Stora Vika,26,,Stora Vika,695,.5,.5,,,,,,,,,,,,,,,,,,,,,,,,,,,,,,,,,,,
,,Storebro,09,,Storebro,1011,.5,.5,,,,,,,,,,,,,,,,,,,,,,,,,,,,,,,,,,,
,,Storfors,22,,Storfors,2218,.5,.5,,,,,,,,,,,,,,,,,,,,,,,,,,,,,,,,,,,
,,Storuman,23,,Storuman,2188,.5,.5,,,,,,,,,,,,,,,,,,,,,,,,,,,,,,,,,,,
,,Storvik,03,,Storvik,2202,.5,.5,,,,,,,,,,,,,,,,,,,,,,,,,,,,,,,,,,,
,,Storvik,23,,Storvik,2251,.5,.5,,,,,,,,,,,,,,,,,,,,,,,,,,,,,,,,,,,
,,Storvreta,21,,Storvreta,6340,.5,.5,,,,,,,,,,,,,,,,,,,,,,,,,,,,,,,,,,,
,,Storå,15,,Storå,1967,.5,.5,,,,,,,,,,,,,,,,,,,,,,,,,,,,,,,,,,,
,,Strängnäs,18,,Strängnäs,13693,.5,.5,,,,,,,,,,,,,,,,,,,,,,,,,,,,,,,,,,,
,,Strömma,26,,Strömma,516,.5,.5,,,,,,,,,,,,,,,,,,,,,,,,,,,,,,,,,,,
,,Strömma,26,,Strömma,2468,.5,.5,,,,,,,,,,,,,,,,,,,,,,,,,,,,,,,,,,,
,,Strömsfors,16,,Strömsfors,525,.5,.5,,,,,,,,,,,,,,,,,,,,,,,,,,,,,,,,,,,
,,Strömsholm,25,,Strömsholm,676,.5,.5,,,,,,,,,,,,,,,,,,,,,,,,,,,,,,,,,,,
,,Strömsnäsbruk,12,,Strömsnäsbruk,2246,.5,.5,,,,,,,,,,,,,,,,,,,,,,,,,,,,,,,,,,,
,,Strömstad,28,,Strömstad,7176,.5,.5,,,,,,,,,,,,,,,,,,,,,,,,,,,,,,,,,,,
,,Strömsund,07,,Strömsund,3690,.5,.5,,,,,,,,,,,,,,,,,,,,,,,,,,,,,,,,,,,
,,Strövelstorp,27,,Strövelstorp,1207,.5,.5,,,,,,,,,,,,,,,,,,,,,,,,,,,,,,,,,,,
,,Stugun,07,,Stugun,599,.5,.5,,,,,,,,,,,,,,,,,,,,,,,,,,,,,,,,,,,
,,Sturefors,16,,Sturefors,2228,.5,.5,,,,,,,,,,,,,,,,,,,,,,,,,,,,,,,,,,,
,,Sturkö,02,,Sturkö,1325,.5,.5,,,,,,,,,,,,,,,,,,,,,,,,,,,,,,,,,,,
,,Styrsö,28,,Styrsö,1324,.5,.5,,,,,,,,,,,,,,,,,,,,,,,,,,,,,,,,,,,
,,Stångby,27,,Stångby,1943,.5,.5,,,,,,,,,,,,,,,,,,,,,,,,,,,,,,,,,,,
,,Stöde,24,,Stöde,704,.5,.5,,,,,,,,,,,,,,,,,,,,,,,,,,,,,,,,,,,
,,Stöpen,28,,Stöpen,1373,.5,.5,,,,,,,,,,,,,,,,,,,,,,,,,,,,,,,,,,,
,,Sundborn,10,,Sundborn,923,.5,.5,,,,,,,,,,,,,,,,,,,,,,,,,,,,,,,,,,,
,,Sundbyberg,26,,Sundbyberg,34529,.5,.5,,,,,,,,,,,,,,,,,,,,,,,,,,,,,,,,,,,
,,Sundsbruk,24,,Sundsbruk,2098,.5,.5,,,,,,,,,,,,,,,,,,,,,,,,,,,,,,,,,,,
,,Sundsvall,24,,Sundsvall,57606,.5,.5,,,,,,,,,,,,,,,,,,,,,,,,,,,,,,,,,,,
,,Sunnansjö,23,,Sunnansjö,557,.5,.5,,,,,,,,,,,,,,,,,,,,,,,,,,,,,,,,,,,
,,Sunnansjö,10,,Sunnansjö,614,.5,.5,,,,,,,,,,,,,,,,,,,,,,,,,,,,,,,,,,,
,,Sunne,22,,Sunne,5026,.5,.5,,,,,,,,,,,,,,,,,,,,,,,,,,,,,,,,,,,
,,Sunningen,28,,Sunningen,589,.5,.5,,,,,,,,,,,,,,,,,,,,,,,,,,,,,,,,,,,
,,Surahammar,25,,Surahammar,6270,.5,.5,,,,,,,,,,,,,,,,,,,,,,,,,,,,,,,,,,,
,,Surte,28,,Surte,6003,.5,.5,,,,,,,,,,,,,,,,,,,,,,,,,,,,,,,,,,,
,,Svalsta,18,,Svalsta,1095,.5,.5,,,,,,,,,,,,,,,,,,,,,,,,,,,,,,,,,,,
,,Svalöv,27,,Svalöv,3852,.5,.5,,,,,,,,,,,,,,,,,,,,,,,,,,,,,,,,,,,
,,Svanberga,26,,Svanberga,524,.5,.5,,,,,,,,,,,,,,,,,,,,,,,,,,,,,,,,,,,
,,Svaneholm,28,,Svaneholm,1000,.5,.5,,,,,,,,,,,,,,,,,,,,,,,,,,,,,,,,,,,
,,Svanesund,28,,Svanesund,1946,.5,.5,,,,,,,,,,,,,,,,,,,,,,,,,,,,,,,,,,,
,,Svarte,27,,Svarte,921,.5,.5,,,,,,,,,,,,,,,,,,,,,,,,,,,,,,,,,,,
,,Svartvik,24,,Svartvik,991,.5,.5,,,,,,,,,,,,,,,,,,,,,,,,,,,,,,,,,,,
,,Svartå,23,,Svartå,592,.5,.5,,,,,,,,,,,,,,,,,,,,,,,,,,,,,,,,,,,
,,Svedala,27,,Svedala,11796,.5,.5,,,,,,,,,,,,,,,,,,,,,,,,,,,,,,,,,,,
,,Sveg,07,,Sveg,2543,.5,.5,,,,,,,,,,,,,,,,,,,,,,,,,,,,,,,,,,,
,,Svenljunga,28,,Svenljunga,3592,.5,.5,,,,,,,,,,,,,,,,,,,,,,,,,,,,,,,,,,,
,,Svenstavik,07,,Svenstavik,916,.5,.5,,,,,,,,,,,,,,,,,,,,,,,,,,,,,,,,,,,
,,Svängsta,02,,Svängsta,1904,.5,.5,,,,,,,,,,,,,,,,,,,,,,,,,,,,,,,,,,,
,,Svärdsjö,10,,Svärdsjö,1335,.5,.5,,,,,,,,,,,,,,,,,,,,,,,,,,,,,,,,,,,
,,Svärtinge,16,,Svärtinge,3326,.5,.5,,,,,,,,,,,,,,,,,,,,,,,,,,,,,,,,,,,
,,Sylta,26,,Sylta,763,.5,.5,,,,,,,,,,,,,,,,,,,,,,,,,,,,,,,,,,,
,,Sylta,25,,Sylta,763,.5,.5,,,,,,,,,,,,,,,,,,,,,,,,,,,,,,,,,,,
,,Säffle,22,,Säffle,9150,.5,.5,,,,,,,,,,,,,,,,,,,,,,,,,,,,,,,,,,,
,,Sälen,10,,Sälen,769,.5,.5,,,,,,,,,,,,,,,,,,,,,,,,,,,,,,,,,,,
,,Särna,10,,Särna,675,.5,.5,,,,,,,,,,,,,,,,,,,,,,,,,,,,,,,,,,,
,,Särö,06,,Särö,2982,.5,.5,,,,,,,,,,,,,,,,,,,,,,,,,,,,,,,,,,,
,,Säter,10,,Säter,4613,.5,.5,,,,,,,,,,,,,,,,,,,,,,,,,,,,,,,,,,,
,,Sätila,28,,Sätila,1210,.5,.5,,,,,,,,,,,,,,,,,,,,,,,,,,,,,,,,,,,
,,Sätofta,27,,Sätofta,1160,.5,.5,,,,,,,,,,,,,,,,,,,,,,,,,,,,,,,,,,,
,,Sävar,23,,Sävar,2968,.5,.5,,,,,,,,,,,,,,,,,,,,,,,,,,,,,,,,,,,
,,Sävast,14,,Sävast,3093,.5,.5,,,,,,,,,,,,,,,,,,,,,,,,,,,,,,,,,,,
,,Sävja,21,,Sävja,9723,.5,.5,,,,,,,,,,,,,,,,,,,,,,,,,,,,,,,,,,,
,,Sävsjö,08,,Sävsjö,5374,.5,.5,,,,,,,,,,,,,,,,,,,,,,,,,,,,,,,,,,,
,,Sågmyra,10,,Sågmyra,552,.5,.5,,,,,,,,,,,,,,,,,,,,,,,,,,,,,,,,,,,
,,Sålanda,28,,Sålanda,4240,.5,.5,,,,,,,,,,,,,,,,,,,,,,,,,,,,,,,,,,,
,,Söderala,03,,Söderala,961,.5,.5,,,,,,,,,,,,,,,,,,,,,,,,,,,,,,,,,,,
,,Söderbärke,10,,Söderbärke,973,.5,.5,,,,,,,,,,,,,,,,,,,,,,,,,,,,,,,,,,,
,,Söderfors,23,,Söderfors,1597,.5,.5,,,,,,,,,,,,,,,,,,,,,,,,,,,,,,,,,,,
,,Söderfors,21,,Söderfors,1704,.5,.5,,,,,,,,,,,,,,,,,,,,,,,,,,,,,,,,,,,
,,Söderhamn,03,,Söderhamn,12259,.5,.5,,,,,,,,,,,,,,,,,,,,,,,,,,,,,,,,,,,
,,Söderköping,16,,Söderköping,7418,.5,.5,,,,,,,,,,,,,,,,,,,,,,,,,,,,,,,,,,,
,,Södermalm,26,,Södermalm,127323,.5,.5,,,,,,,,,,,,,,,,,,,,,,,,,,,,,,,,,,,
,,Södertälje,26,,Södertälje,70777,.5,.5,,,,,,,,,,,,,,,,,,,,,,,,,,,,,,,,,,,
,,Söderåkra,09,,Söderåkra,943,.5,.5,,,,,,,,,,,,,,,,,,,,,,,,,,,,,,,,,,,
,,Södra Sandby,09,,Södra Sandby,5941,.5,.5,,,,,,,,,,,,,,,,,,,,,,,,,,,,,,,,,,,
,,Södra Sandby,27,,Södra Sandby,6306,.5,.5,,,,,,,,,,,,,,,,,,,,,,,,,,,,,,,,,,,
,,Södra Sunderbyn,14,,Södra Sunderbyn,3162,.5,.5,,,,,,,,,,,,,,,,,,,,,,,,,,,,,,,,,,,
,,Södra Vi,09,,Södra Vi,1134,.5,.5,,,,,,,,,,,,,,,,,,,,,,,,,,,,,,,,,,,
,,Sölvesborg,02,,Sölvesborg,8972,.5,.5,,,,,,,,,,,,,,,,,,,,,,,,,,,,,,,,,,,
,,Sörforsa,03,,Sörforsa,1581,.5,.5,,,,,,,,,,,,,,,,,,,,,,,,,,,,,,,,,,,
,,Sörvik,07,,Sörvik,718,.5,.5,,,,,,,,,,,,,,,,,,,,,,,,,,,,,,,,,,,
,,Sörvik,10,,Sörvik,699,.5,.5,,,,,,,,,,,,,,,,,,,,,,,,,,,,,,,,,,,
,,Söråker,24,,Söråker,2374,.5,.5,,,,,,,,,,,,,,,,,,,,,,,,,,,,,,,,,,,
,,Sösdala,27,,Sösdala,1808,.5,.5,,,,,,,,,,,,,,,,,,,,,,,,,,,,,,,,,,,
,,Taberg,08,,Taberg,4486,.5,.5,,,,,,,,,,,,,,,,,,,,,,,,,,,,,,,,,,,
,,Tallboda,16,,Tallboda,3311,.5,.5,,,,,,,,,,,,,,,,,,,,,,,,,,,,,,,,,,,
,,Tallåsen,03,,Tallåsen,586,.5,.5,,,,,,,,,,,,,,,,,,,,,,,,,,,,,,,,,,,
,,Tallåsen,23,,Tallåsen,608,.5,.5,,,,,,,,,,,,,,,,,,,,,,,,,,,,,,,,,,,
,,Tanumshede,28,,Tanumshede,1774,.5,.5,,,,,,,,,,,,,,,,,,,,,,,,,,,,,,,,,,,
,,Teckomatorp,27,,Teckomatorp,1703,.5,.5,,,,,,,,,,,,,,,,,,,,,,,,,,,,,,,,,,,
,,Tenhult,08,,Tenhult,3112,.5,.5,,,,,,,,,,,,,,,,,,,,,,,,,,,,,,,,,,,
,,Tensta,26,,Tensta,17083,.5,.5,,,,,,,,,,,,,,,,,,,,,,,,,,,,,,,,,,,
,,Tibro,28,,Tibro,8396,.5,.5,,,,,,,,,,,,,,,,,,,,,,,,,,,,,,,,,,,
,,Tidaholm,28,,Tidaholm,8175,.5,.5,,,,,,,,,,,,,,,,,,,,,,,,,,,,,,,,,,,
,,Tidan,28,,Tidan,989,.5,.5,,,,,,,,,,,,,,,,,,,,,,,,,,,,,,,,,,,
,,Tierp,21,,Tierp,5826,.5,.5,,,,,,,,,,,,,,,,,,,,,,,,,,,,,,,,,,,
,,Tillberga,25,,Tillberga,2151,.5,.5,,,,,,,,,,,,,,,,,,,,,,,,,,,,,,,,,,,
,,Timmele,28,,Timmele,788,.5,.5,,,,,,,,,,,,,,,,,,,,,,,,,,,,,,,,,,,
,,Timmernabben,09,,Timmernabben,1357,.5,.5,,,,,,,,,,,,,,,,,,,,,,,,,,,,,,,,,,,
,,Timmersdala,28,,Timmersdala,895,.5,.5,,,,,,,,,,,,,,,,,,,,,,,,,,,,,,,,,,,
,,Timrå,24,,Timrå,10495,.5,.5,,,,,,,,,,,,,,,,,,,,,,,,,,,,,,,,,,,
,,Timsfors,12,,Timsfors,609,.5,.5,,,,,,,,,,,,,,,,,,,,,,,,,,,,,,,,,,,
,,Tingsryd,12,,Tingsryd,3087,.5,.5,,,,,,,,,,,,,,,,,,,,,,,,,,,,,,,,,,,
,,Tjuvkil,28,,Tjuvkil,1013,.5,.5,,,,,,,,,,,,,,,,,,,,,,,,,,,,,,,,,,,
,,Tjällmo,16,,Tjällmo,518,.5,.5,,,,,,,,,,,,,,,,,,,,,,,,,,,,,,,,,,,
,,Tjörnarp,27,,Tjörnarp,829,.5,.5,,,,,,,,,,,,,,,,,,,,,,,,,,,,,,,,,,,
,,Tobo,21,,Tobo,610,.5,.5,,,,,,,,,,,,,,,,,,,,,,,,,,,,,,,,,,,
,,Tofta,05,,Tofta,627,.5,.5,,,,,,,,,,,,,,,,,,,,,,,,,,,,,,,,,,,
,,Tollarp,27,,Tollarp,3404,.5,.5,,,,,,,,,,,,,,,,,,,,,,,,,,,,,,,,,,,
,,Tollarp1,27,,Tollarp1,3170,.5,.5,,,,,,,,,,,,,,,,,,,,,,,,,,,,,,,,,,,
,,Tollered,28,,Tollered,863,.5,.5,,,,,,,,,,,,,,,,,,,,,,,,,,,,,,,,,,,
,,Tollered,28,,Tollered,920,.5,.5,,,,,,,,,,,,,,,,,,,,,,,,,,,,,,,,,,,
,,Tomelilla,27,,Tomelilla,6826,.5,.5,,,,,,,,,,,,,,,,,,,,,,,,,,,,,,,,,,,
,,Tomtebo,23,,Tomtebo,741,.5,.5,,,,,,,,,,,,,,,,,,,,,,,,,,,,,,,,,,,
,,Tomtebo,10,,Tomtebo,633,.5,.5,,,,,,,,,,,,,,,,,,,,,,,,,,,,,,,,,,,
,,Torekov,27,,Torekov,1078,.5,.5,,,,,,,,,,,,,,,,,,,,,,,,,,,,,,,,,,,
,,Torhamn,02,,Torhamn,559,.5,.5,,,,,,,,,,,,,,,,,,,,,,,,,,,,,,,,,,,
,,Tormestorp,27,,Tormestorp,1043,.5,.5,,,,,,,,,,,,,,,,,,,,,,,,,,,,,,,,,,,
,,Torsby,22,,Torsby,4419,.5,.5,,,,,,,,,,,,,,,,,,,,,,,,,,,,,,,,,,,
,,Torshälla,18,,Torshälla,8928,.5,.5,,,,,,,,,,,,,,,,,,,,,,,,,,,,,,,,,,,
,,Torslanda,28,,Torslanda,10129,.5,.5,,,,,,,,,,,,,,,,,,,,,,,,,,,,,,,,,,,
,,Torsåker,24,,Torsåker,873,.5,.5,,,,,,,,,,,,,,,,,,,,,,,,,,,,,,,,,,,
,,Torsåker,03,,Torsåker,848,.5,.5,,,,,,,,,,,,,,,,,,,,,,,,,,,,,,,,,,,
,,Torsång,10,,Torsång,712,.5,.5,,,,,,,,,,,,,,,,,,,,,,,,,,,,,,,,,,,
,,Torsås,09,,Torsås,2000,.5,.5,,,,,,,,,,,,,,,,,,,,,,,,,,,,,,,,,,,
,,Torup,06,,Torup,1245,.5,.5,,,,,,,,,,,,,,,,,,,,,,,,,,,,,,,,,,,
,,Tranemo,28,,Tranemo,3224,.5,.5,,,,,,,,,,,,,,,,,,,,,,,,,,,,,,,,,,,
,,Tranås,08,,Tranås,14550,.5,.5,,,,,,,,,,,,,,,,,,,,,,,,,,,,,,,,,,,
,,Traryd,12,,Traryd,655,.5,.5,,,,,,,,,,,,,,,,,,,,,,,,,,,,,,,,,,,
,,Trekanten,09,,Trekanten,1599,.5,.5,,,,,,,,,,,,,,,,,,,,,,,,,,,,,,,,,,,
,,Trelleborg,27,,Trelleborg,29316,.5,.5,,,,,,,,,,,,,,,,,,,,,,,,,,,,,,,,,,,
,,Trollhättan,28,,Trollhättan,48573,.5,.5,,,,,,,,,,,,,,,,,,,,,,,,,,,,,,,,,,,
,,Trosa,18,,Trosa,5836,.5,.5,,,,,,,,,,,,,,,,,,,,,,,,,,,,,,,,,,,
,,Träslövsläge,06,,Träslövsläge,1985,.5,.5,,,,,,,,,,,,,,,,,,,,,,,,,,,,,,,,,,,
,,Trönninge,06,,Trönninge,847,.5,.5,,,,,,,,,,,,,,,,,,,,,,,,,,,,,,,,,,,
,,Trönninge,06,,Trönninge,1569,.5,.5,,,,,,,,,,,,,,,,,,,,,,,,,,,,,,,,,,,
,,Trönningenäs,06,,Trönningenäs,743,.5,.5,,,,,,,,,,,,,,,,,,,,,,,,,,,,,,,,,,,
,,Tullinge,26,,Tullinge,16000,.5,.5,,,,,,,,,,,,,,,,,,,,,,,,,,,,,,,,,,,
,,Tumba,26,,Tumba,40832,.5,.5,,,,,,,,,,,,,,,,,,,,,,,,,,,,,,,,,,,
,,Tumlehed,28,,Tumlehed,623,.5,.5,,,,,,,,,,,,,,,,,,,,,,,,,,,,,,,,,,,
,,Tuolluvaara,14,,Tuolluvaara,979,.5,.5,,,,,,,,,,,,,,,,,,,,,,,,,,,,,,,,,,,
,,Tureholm,26,,Tureholm,799,.5,.5,,,,,,,,,,,,,,,,,,,,,,,,,,,,,,,,,,,
,,Tving,02,,Tving,548,.5,.5,,,,,,,,,,,,,,,,,,,,,,,,,,,,,,,,,,,
,,Tvååker,06,,Tvååker,2640,.5,.5,,,,,,,,,,,,,,,,,,,,,,,,,,,,,,,,,,,
,,Tygelsjö,27,,Tygelsjö,3420,.5,.5,,,,,,,,,,,,,,,,,,,,,,,,,,,,,,,,,,,
,,Tyringe,27,,Tyringe,4712,.5,.5,,,,,,,,,,,,,,,,,,,,,,,,,,,,,,,,,,,
,,Tystberga,18,,Tystberga,869,.5,.5,,,,,,,,,,,,,,,,,,,,,,,,,,,,,,,,,,,
,,Täby,26,,Täby,58123,.5,.5,,,,,,,,,,,,,,,,,,,,,,,,,,,,,,,,,,,
,,Täfteå,23,,Täfteå,1305,.5,.5,,,,,,,,,,,,,,,,,,,,,,,,,,,,,,,,,,,
,,Tällberg,10,,Tällberg,875,.5,.5,,,,,,,,,,,,,,,,,,,,,,,,,,,,,,,,,,,
,,Tällberg,23,,Tällberg,637,.5,.5,,,,,,,,,,,,,,,,,,,,,,,,,,,,,,,,,,,
,,Tärnsjö,21,,Tärnsjö,1174,.5,.5,,,,,,,,,,,,,,,,,,,,,,,,,,,,,,,,,,,
,,Tångaberg,06,,Tångaberg,965,.5,.5,,,,,,,,,,,,,,,,,,,,,,,,,,,,,,,,,,,
,,Töcksfors,22,,Töcksfors,1221,.5,.5,,,,,,,,,,,,,,,,,,,,,,,,,,,,,,,,,,,
,,Töre,14,,Töre,1051,.5,.5,,,,,,,,,,,,,,,,,,,,,,,,,,,,,,,,,,,
,,Töreboda,28,,Töreboda,4626,.5,.5,,,,,,,,,,,,,,,,,,,,,,,,,,,,,,,,,,,
,,Ucklum,28,,Ucklum,531,.5,.5,,,,,,,,,,,,,,,,,,,,,,,,,,,,,,,,,,,
,,Uddeholm,22,,Uddeholm,619,.5,.5,,,,,,,,,,,,,,,,,,,,,,,,,,,,,,,,,,,
,,Uddevalla,28,,Uddevalla,34781,.5,.5,,,,,,,,,,,,,,,,,,,,,,,,,,,,,,,,,,,
,,Ullared,06,,Ullared,699,.5,.5,,,,,,,,,,,,,,,,,,,,,,,,,,,,,,,,,,,
,,Ullervad,28,,Ullervad,885,.5,.5,,,,,,,,,,,,,,,,,,,,,,,,,,,,,,,,,,,
,,Ulricehamn,28,,Ulricehamn,10629,.5,.5,,,,,,,,,,,,,,,,,,,,,,,,,,,,,,,,,,,
,,Umeå,23,,Umeå,83249,.5,.5,,,,,,,,,,,,,,,,,,,,,,,,,,,,,,,,,,,
,,Undersåker,07,,Undersåker,573,.5,.5,,,,,,,,,,,,,,,,,,,,,,,,,,,,,,,,,,,
,,Unnaryd,06,,Unnaryd,823,.5,.5,,,,,,,,,,,,,,,,,,,,,,,,,,,,,,,,,,,
,,Upphärad,28,,Upphärad,572,.5,.5,,,,,,,,,,,,,,,,,,,,,,,,,,,,,,,,,,,
,,Upplands Väsby,26,,Upplands Väsby,36534,.5,.5,,,,,,,,,,,,,,,,,,,,,,,,,,,,,,,,,,,
,,Uppsala,21,,Uppsala,149245,.5,.5,,,,,,,,,,,,,,,,,,,,,,,,,,,,,,,,,,,
,,Urshult,12,,Urshult,942,.5,.5,,,,,,,,,,,,,,,,,,,,,,,,,,,,,,,,,,,
,,Ursviken,23,,Ursviken,3913,.5,.5,,,,,,,,,,,,,,,,,,,,,,,,,,,,,,,,,,,
,,Vadstena,16,,Vadstena,5674,.5,.5,,,,,,,,,,,,,,,,,,,,,,,,,,,,,,,,,,,
,,Vaggeryd,08,,Vaggeryd,5122,.5,.5,,,,,,,,,,,,,,,,,,,,,,,,,,,,,,,,,,,
,,Vagnhärad,18,,Vagnhärad,3397,.5,.5,,,,,,,,,,,,,,,,,,,,,,,,,,,,,,,,,,,
,,Valbo,03,,Valbo,7147,.5,.5,,,,,,,,,,,,,,,,,,,,,,,,,,,,,,,,,,,
,,Valdemarsvik,16,,Valdemarsvik,2685,.5,.5,,,,,,,,,,,,,,,,,,,,,,,,,,,,,,,,,,,
,,Valje,27,,Valje,1067,.5,.5,,,,,,,,,,,,,,,,,,,,,,,,,,,,,,,,,,,
,,Valla,18,,Valla,1485,.5,.5,,,,,,,,,,,,,,,,,,,,,,,,,,,,,,,,,,,
,,Valla,07,,Valla,1584,.5,.5,,,,,,,,,,,,,,,,,,,,,,,,,,,,,,,,,,,
,,Vallargärdet,22,,Vallargärdet,648,.5,.5,,,,,,,,,,,,,,,,,,,,,,,,,,,,,,,,,,,
,,Vallberga,06,,Vallberga,655,.5,.5,,,,,,,,,,,,,,,,,,,,,,,,,,,,,,,,,,,
,,Vallda,06,,Vallda,3929,.5,.5,,,,,,,,,,,,,,,,,,,,,,,,,,,,,,,,,,,
,,Vallentuna,26,,Vallentuna,31937,.5,.5,,,,,,,,,,,,,,,,,,,,,,,,,,,,,,,,,,,
,,Vallåkra,27,,Vallåkra,800,.5,.5,,,,,,,,,,,,,,,,,,,,,,,,,,,,,,,,,,,
,,Valskog,25,,Valskog,693,.5,.5,,,,,,,,,,,,,,,,,,,,,,,,,,,,,,,,,,,
,,Vansbro,10,,Vansbro,2042,.5,.5,,,,,,,,,,,,,,,,,,,,,,,,,,,,,,,,,,,
,,Vara,28,,Vara,4052,.5,.5,,,,,,,,,,,,,,,,,,,,,,,,,,,,,,,,,,,
,,Varberg,06,,Varberg,34248,.5,.5,,,,,,,,,,,,,,,,,,,,,,,,,,,,,,,,,,,
,,Varekil,28,,Varekil,912,.5,.5,,,,,,,,,,,,,,,,,,,,,,,,,,,,,,,,,,,
,,Vargön,28,,Vargön,4981,.5,.5,,,,,,,,,,,,,,,,,,,,,,,,,,,,,,,,,,,
,,Varnhem,28,,Varnhem,662,.5,.5,,,,,,,,,,,,,,,,,,,,,,,,,,,,,,,,,,,
,,Vartofta,28,,Vartofta,529,.5,.5,,,,,,,,,,,,,,,,,,,,,,,,,,,,,,,,,,,
,,Vasastan,26,,Vasastan,58458,.5,.5,,,,,,,,,,,,,,,,,,,,,,,,,,,,,,,,,,,
,,Vassmolösa,09,,Vassmolösa,524,.5,.5,,,,,,,,,,,,,,,,,,,,,,,,,,,,,,,,,,,
,,Vattholma,21,,Vattholma,1410,.5,.5,,,,,,,,,,,,,,,,,,,,,,,,,,,,,,,,,,,
,,Vattjom,24,,Vattjom,563,.5,.5,,,,,,,,,,,,,,,,,,,,,,,,,,,,,,,,,,,
,,Vaxholm,26,,Vaxholm,4849,.5,.5,,,,,,,,,,,,,,,,,,,,,,,,,,,,,,,,,,,
,,Veberöd,27,,Veberöd,4850,.5,.5,,,,,,,,,,,,,,,,,,,,,,,,,,,,,,,,,,,
,,Veddige,06,,Veddige,2260,.5,.5,,,,,,,,,,,,,,,,,,,,,,,,,,,,,,,,,,,
,,Vedevåg,15,,Vedevåg,753,.5,.5,,,,,,,,,,,,,,,,,,,,,,,,,,,,,,,,,,,
,,Vedum,28,,Vedum,960,.5,.5,,,,,,,,,,,,,,,,,,,,,,,,,,,,,,,,,,,
,,Vegby,28,,Vegby,575,.5,.5,,,,,,,,,,,,,,,,,,,,,,,,,,,,,,,,,,,
,,Veinge,06,,Veinge,1417,.5,.5,,,,,,,,,,,,,,,,,,,,,,,,,,,,,,,,,,,
,,Vejbystrand,27,,Vejbystrand,2764,.5,.5,,,,,,,,,,,,,,,,,,,,,,,,,,,,,,,,,,,
,,Velanda,28,,Velanda,592,.5,.5,,,,,,,,,,,,,,,,,,,,,,,,,,,,,,,,,,,
,,Velanda,15,,Velanda,563,.5,.5,,,,,,,,,,,,,,,,,,,,,,,,,,,,,,,,,,,
,,Vellinge,27,,Vellinge,6496,.5,.5,,,,,,,,,,,,,,,,,,,,,,,,,,,,,,,,,,,
,,Vemdalen,07,,Vemdalen,549,.5,.5,,,,,,,,,,,,,,,,,,,,,,,,,,,,,,,,,,,
,,Vessigebro,06,,Vessigebro,773,.5,.5,,,,,,,,,,,,,,,,,,,,,,,,,,,,,,,,,,,
,,Vetlanda,08,,Vetlanda,13430,.5,.5,,,,,,,,,,,,,,,,,,,,,,,,,,,,,,,,,,,
,,Vi,24,,Vi,4757,.5,.5,,,,,,,,,,,,,,,,,,,,,,,,,,,,,,,,,,,
,,Vi,24,,Vi,5841,.5,.5,,,,,,,,,,,,,,,,,,,,,,,,,,,,,,,,,,,
,,Vibble,05,,Vibble,1709,.5,.5,,,,,,,,,,,,,,,,,,,,,,,,,,,,,,,,,,,
,,Viby,21,,Viby,936,.5,.5,,,,,,,,,,,,,,,,,,,,,,,,,,,,,,,,,,,
,,Vidja,26,,Vidja,741,.5,.5,,,,,,,,,,,,,,,,,,,,,,,,,,,,,,,,,,,
,,Vidsel,14,,Vidsel,526,.5,.5,,,,,,,,,,,,,,,,,,,,,,,,,,,,,,,,,,,
,,Vika,10,,Vika,582,.5,.5,,,,,,,,,,,,,,,,,,,,,,,,,,,,,,,,,,,
,,Vikarbyn,10,,Vikarbyn,1193,.5,.5,,,,,,,,,,,,,,,,,,,,,,,,,,,,,,,,,,,
,,Viken,23,,Viken,3753,.5,.5,,,,,,,,,,,,,,,,,,,,,,,,,,,,,,,,,,,
,,Viken,27,,Viken,4489,.5,.5,,,,,,,,,,,,,,,,,,,,,,,,,,,,,,,,,,,
,,Vikingstad,16,,Vikingstad,2335,.5,.5,,,,,,,,,,,,,,,,,,,,,,,,,,,,,,,,,,,
,,Vikmanshyttan,10,,Vikmanshyttan,840,.5,.5,,,,,,,,,,,,,,,,,,,,,,,,,,,,,,,,,,,
,,Viksäter,26,,Viksäter,859,.5,.5,,,,,,,,,,,,,,,,,,,,,,,,,,,,,,,,,,,
,,Vilhelmina,23,,Vilhelmina,3572,.5,.5,,,,,,,,,,,,,,,,,,,,,,,,,,,,,,,,,,,
,,Villshärad,06,,Villshärad,778,.5,.5,,,,,,,,,,,,,,,,,,,,,,,,,,,,,,,,,,,
,,Vimmerby,09,,Vimmerby,8037,.5,.5,,,,,,,,,,,,,,,,,,,,,,,,,,,,,,,,,,,
,,Vinberg,06,,Vinberg,606,.5,.5,,,,,,,,,,,,,,,,,,,,,,,,,,,,,,,,,,,
,,Vindeln,23,,Vindeln,2403,.5,.5,,,,,,,,,,,,,,,,,,,,,,,,,,,,,,,,,,,
,,Vingåker,18,,Vingåker,4548,.5,.5,,,,,,,,,,,,,,,,,,,,,,,,,,,,,,,,,,,
,,Vinninga,28,,Vinninga,1033,.5,.5,,,,,,,,,,,,,,,,,,,,,,,,,,,,,,,,,,,
,,Vinslöv,27,,Vinslöv,3989,.5,.5,,,,,,,,,,,,,,,,,,,,,,,,,,,,,,,,,,,
,,Vintrie,27,,Vintrie,777,.5,.5,,,,,,,,,,,,,,,,,,,,,,,,,,,,,,,,,,,
,,Vintrosa,15,,Vintrosa,2285,.5,.5,,,,,,,,,,,,,,,,,,,,,,,,,,,,,,,,,,,
,,Virserum,09,,Virserum,1769,.5,.5,,,,,,,,,,,,,,,,,,,,,,,,,,,,,,,,,,,
,,Visby,05,,Visby,23402,.5,.5,,,,,,,,,,,,,,,,,,,,,,,,,,,,,,,,,,,
,,Viskafors,28,,Viskafors,3701,.5,.5,,,,,,,,,,,,,,,,,,,,,,,,,,,,,,,,,,,
,,Vislanda,12,,Vislanda,1813,.5,.5,,,,,,,,,,,,,,,,,,,,,,,,,,,,,,,,,,,
,,Vissefjärda,09,,Vissefjärda,658,.5,.5,,,,,,,,,,,,,,,,,,,,,,,,,,,,,,,,,,,
,,Vittangi,14,,Vittangi,791,.5,.5,,,,,,,,,,,,,,,,,,,,,,,,,,,,,,,,,,,
,,Vittinge,21,,Vittinge,566,.5,.5,,,,,,,,,,,,,,,,,,,,,,,,,,,,,,,,,,,
,,Vittsjö,27,,Vittsjö,1787,.5,.5,,,,,,,,,,,,,,,,,,,,,,,,,,,,,,,,,,,
,,Vollsjö,27,,Vollsjö,813,.5,.5,,,,,,,,,,,,,,,,,,,,,,,,,,,,,,,,,,,
,,Vrena,18,,Vrena,630,.5,.5,,,,,,,,,,,,,,,,,,,,,,,,,,,,,,,,,,,
,,Vretstorp,15,,Vretstorp,852,.5,.5,,,,,,,,,,,,,,,,,,,,,,,,,,,,,,,,,,,
,,Vrigstad,08,,Vrigstad,1461,.5,.5,,,,,,,,,,,,,,,,,,,,,,,,,,,,,,,,,,,
,,Vuollerim,14,,Vuollerim,683,.5,.5,,,,,,,,,,,,,,,,,,,,,,,,,,,,,,,,,,,
,,Väckelsång,12,,Väckelsång,954,.5,.5,,,,,,,,,,,,,,,,,,,,,,,,,,,,,,,,,,,
,,Väderstad,16,,Väderstad,573,.5,.5,,,,,,,,,,,,,,,,,,,,,,,,,,,,,,,,,,,
,,Väjern,28,,Väjern,659,.5,.5,,,,,,,,,,,,,,,,,,,,,,,,,,,,,,,,,,,
,,Vänersborg,28,,Vänersborg,23119,.5,.5,,,,,,,,,,,,,,,,,,,,,,,,,,,,,,,,,,,
,,Vännäs,23,,Vännäs,4373,.5,.5,,,,,,,,,,,,,,,,,,,,,,,,,,,,,,,,,,,
,,Vännäsby,23,,Vännäsby,1581,.5,.5,,,,,,,,,,,,,,,,,,,,,,,,,,,,,,,,,,,
,,Väring,28,,Väring,641,.5,.5,,,,,,,,,,,,,,,,,,,,,,,,,,,,,,,,,,,
,,Värnamo,08,,Värnamo,19061,.5,.5,,,,,,,,,,,,,,,,,,,,,,,,,,,,,,,,,,,
,,Värsås,28,,Värsås,616,.5,.5,,,,,,,,,,,,,,,,,,,,,,,,,,,,,,,,,,,
,,Väröbacka,06,,Väröbacka,765,.5,.5,,,,,,,,,,,,,,,,,,,,,,,,,,,,,,,,,,,
,,Väse,22,,Väse,519,.5,.5,,,,,,,,,,,,,,,,,,,,,,,,,,,,,,,,,,,
,,Västerfärnebo,25,,Västerfärnebo,533,.5,.5,,,,,,,,,,,,,,,,,,,,,,,,,,,,,,,,,,,
,,Västervik,09,,Västervik,21178,.5,.5,,,,,,,,,,,,,,,,,,,,,,,,,,,,,,,,,,,
,,Västerås,25,,Västerås,117746,.5,.5,,,,,,,,,,,,,,,,,,,,,,,,,,,,,,,,,,,
,,Västra Frölunda,28,,Västra Frölunda,15924,.5,.5,,,,,,,,,,,,,,,,,,,,,,,,,,,,,,,,,,,
,,Västra Hagen,06,,Västra Hagen,1319,.5,.5,,,,,,,,,,,,,,,,,,,,,,,,,,,,,,,,,,,
,,Västra Ingelstad,27,,Västra Ingelstad,824,.5,.5,,,,,,,,,,,,,,,,,,,,,,,,,,,,,,,,,,,
,,Västra Karup,27,,Västra Karup,552,.5,.5,,,,,,,,,,,,,,,,,,,,,,,,,,,,,,,,,,,
,,Växjö,12,,Växjö,65383,.5,.5,,,,,,,,,,,,,,,,,,,,,,,,,,,,,,,,,,,
,,Vålberg,22,,Vålberg,2848,.5,.5,,,,,,,,,,,,,,,,,,,,,,,,,,,,,,,,,,,
,,Våmhus,10,,Våmhus,831,.5,.5,,,,,,,,,,,,,,,,,,,,,,,,,,,,,,,,,,,
,,Vårby,26,,Vårby,10115,.5,.5,,,,,,,,,,,,,,,,,,,,,,,,,,,,,,,,,,,
,,Vårgårda,28,,Vårgårda,5384,.5,.5,,,,,,,,,,,,,,,,,,,,,,,,,,,,,,,,,,,
,,Vårsta,26,,Vårsta,2470,.5,.5,,,,,,,,,,,,,,,,,,,,,,,,,,,,,,,,,,,
,,Våxtorp,06,,Våxtorp,987,.5,.5,,,,,,,,,,,,,,,,,,,,,,,,,,,,,,,,,,,
,,Yngsjö,27,,Yngsjö,565,.5,.5,,,,,,,,,,,,,,,,,,,,,,,,,,,,,,,,,,,
,,Ystad,27,,Ystad,18806,.5,.5,,,,,,,,,,,,,,,,,,,,,,,,,,,,,,,,,,,
,,Ytterhogdal,07,,Ytterhogdal,534,.5,.5,,,,,,,,,,,,,,,,,,,,,,,,,,,,,,,,,,,
,,Ytternäs,21,,Ytternäs,775,.5,.5,,,,,,,,,,,,,,,,,,,,,,,,,,,,,,,,,,,
,,Älandsbro,24,,Älandsbro,928,.5,.5,,,,,,,,,,,,,,,,,,,,,,,,,,,,,,,,,,,
,,Älmhult,12,,Älmhult,9495,.5,.5,,,,,,,,,,,,,,,,,,,,,,,,,,,,,,,,,,,
,,Älmsta,26,,Älmsta,1376,.5,.5,,,,,,,,,,,,,,,,,,,,,,,,,,,,,,,,,,,
,,Älta,26,,Älta,9274,.5,.5,,,,,,,,,,,,,,,,,,,,,,,,,,,,,,,,,,,
,,Älvdalen,10,,Älvdalen,1863,.5,.5,,,,,,,,,,,,,,,,,,,,,,,,,,,,,,,,,,,
,,Älvkarleby,21,,Älvkarleby,1517,.5,.5,,,,,,,,,,,,,,,,,,,,,,,,,,,,,,,,,,,
,,Älvnäs,26,,Älvnäs,753,.5,.5,,,,,,,,,,,,,,,,,,,,,,,,,,,,,,,,,,,
,,Älvsbyn,14,,Älvsbyn,4976,.5,.5,,,,,,,,,,,,,,,,,,,,,,,,,,,,,,,,,,,
,,Älvängen,28,,Älvängen,4759,.5,.5,,,,,,,,,,,,,,,,,,,,,,,,,,,,,,,,,,,
,,Ängelholm,27,,Ängelholm,23240,.5,.5,,,,,,,,,,,,,,,,,,,,,,,,,,,,,,,,,,,
,,Ärla,18,,Ärla,1272,.5,.5,,,,,,,,,,,,,,,,,,,,,,,,,,,,,,,,,,,
,,Åby,16,,Åby,6917,.5,.5,,,,,,,,,,,,,,,,,,,,,,,,,,,,,,,,,,,
,,Åbyggeby,03,,Åbyggeby,951,.5,.5,,,,,,,,,,,,,,,,,,,,,,,,,,,,,,,,,,,
,,Åbyggeby,03,,Åbyggeby,776,.5,.5,,,,,,,,,,,,,,,,,,,,,,,,,,,,,,,,,,,
,,Åbytorp,15,,Åbytorp,811,.5,.5,,,,,,,,,,,,,,,,,,,,,,,,,,,,,,,,,,,
,,Åhus,27,,Åhus,9840,.5,.5,,,,,,,,,,,,,,,,,,,,,,,,,,,,,,,,,,,
,,Åkarp,27,,Åkarp,5959,.5,.5,,,,,,,,,,,,,,,,,,,,,,,,,,,,,,,,,,,
,,Åkarp,28,,Åkarp,5393,.5,.5,,,,,,,,,,,,,,,,,,,,,,,,,,,,,,,,,,,
,,Åkers Styckebruk,18,,Åkers Styckebruk,2730,.5,.5,,,,,,,,,,,,,,,,,,,,,,,,,,,,,,,,,,,
,,Åkersberga,26,,Åkersberga,32659,.5,.5,,,,,,,,,,,,,,,,,,,,,,,,,,,,,,,,,,,
,,Åled,06,,Åled,1690,.5,.5,,,,,,,,,,,,,,,,,,,,,,,,,,,,,,,,,,,
,,Ålem,09,,Ålem,797,.5,.5,,,,,,,,,,,,,,,,,,,,,,,,,,,,,,,,,,,
,,Åmotfors,22,,Åmotfors,1347,.5,.5,,,,,,,,,,,,,,,,,,,,,,,,,,,,,,,,,,,
,,Åmål,28,,Åmål,9373,.5,.5,,,,,,,,,,,,,,,,,,,,,,,,,,,,,,,,,,,
,,Ånge,24,,Ånge,2889,.5,.5,,,,,,,,,,,,,,,,,,,,,,,,,,,,,,,,,,,
,,Ånäset,14,,Ånäset,622,.5,.5,,,,,,,,,,,,,,,,,,,,,,,,,,,,,,,,,,,
,,Ånäset,23,,Ånäset,603,.5,.5,,,,,,,,,,,,,,,,,,,,,,,,,,,,,,,,,,,
,,Åre,07,,Åre,2768,.5,.5,,,,,,,,,,,,,,,,,,,,,,,,,,,,,,,,,,,
,,Årjäng,22,,Årjäng,3302,.5,.5,,,,,,,,,,,,,,,,,,,,,,,,,,,,,,,,,,,
,,Årnäs,06,,Årnäs,679,.5,.5,,,,,,,,,,,,,,,,,,,,,,,,,,,,,,,,,,,
,,Årsta,26,,Årsta,16807,.5,.5,,,,,,,,,,,,,,,,,,,,,,,,,,,,,,,,,,,
,,Årsunda,03,,Årsunda,1012,.5,.5,,,,,,,,,,,,,,,,,,,,,,,,,,,,,,,,,,,
,,Åryd,12,,Åryd,687,.5,.5,,,,,,,,,,,,,,,,,,,,,,,,,,,,,,,,,,,
,,Ås,07,,Ås,1572,.5,.5,,,,,,,,,,,,,,,,,,,,,,,,,,,,,,,,,,,
,,Ås,24,,Ås,1097,.5,.5,,,,,,,,,,,,,,,,,,,,,,,,,,,,,,,,,,,
,,Åsa,06,,Åsa,6084,.5,.5,,,,,,,,,,,,,,,,,,,,,,,,,,,,,,,,,,,
,,Åsarp,28,,Åsarp,609,.5,.5,,,,,,,,,,,,,,,,,,,,,,,,,,,,,,,,,,,
,,Åsbro,15,,Åsbro,1321,.5,.5,,,,,,,,,,,,,,,,,,,,,,,,,,,,,,,,,,,
,,Åseda,12,,Åseda,2557,.5,.5,,,,,,,,,,,,,,,,,,,,,,,,,,,,,,,,,,,
,,Åsele,23,,Åsele,1706,.5,.5,,,,,,,,,,,,,,,,,,,,,,,,,,,,,,,,,,,
,,Åsensbruk,28,,Åsensbruk,746,.5,.5,,,,,,,,,,,,,,,,,,,,,,,,,,,,,,,,,,,
,,Åshammar,03,,Åshammar,535,.5,.5,,,,,,,,,,,,,,,,,,,,,,,,,,,,,,,,,,,
,,Åsljunga,27,,Åsljunga,738,.5,.5,,,,,,,,,,,,,,,,,,,,,,,,,,,,,,,,,,,
,,Åstorp,27,,Åstorp,9215,.5,.5,,,,,,,,,,,,,,,,,,,,,,,,,,,,,,,,,,,
,,Åtvidaberg,16,,Åtvidaberg,7014,.5,.5,,,,,,,,,,,,,,,,,,,,,,,,,,,,,,,,,,,
,,Öbonäs,16,,Öbonäs,646,.5,.5,,,,,,,,,,,,,,,,,,,,,,,,,,,,,,,,,,,
,,Öckerö,28,,Öckerö,3568,.5,.5,,,,,,,,,,,,,,,,,,,,,,,,,,,,,,,,,,,
,,Ödeborg,28,,Ödeborg,589,.5,.5,,,,,,,,,,,,,,,,,,,,,,,,,,,,,,,,,,,
,,Ödeshög,16,,Ödeshög,2554,.5,.5,,,,,,,,,,,,,,,,,,,,,,,,,,,,,,,,,,,
,,Ödsmål,28,,Ödsmål,1414,.5,.5,,,,,,,,,,,,,,,,,,,,,,,,,,,,,,,,,,,
,,Ödsmål,28,,Ödsmål,557,.5,.5,,,,,,,,,,,,,,,,,,,,,,,,,,,,,,,,,,,
,,Ödåkra,27,,Ödåkra,5231,.5,.5,,,,,,,,,,,,,,,,,,,,,,,,,,,,,,,,,,,
,,Öjersjö,28,,Öjersjö,4394,.5,.5,,,,,,,,,,,,,,,,,,,,,,,,,,,,,,,,,,,
,,Ölmanäs,06,,Ölmanäs,787,.5,.5,,,,,,,,,,,,,,,,,,,,,,,,,,,,,,,,,,,
,,Ölmbrotorp,15,,Ölmbrotorp,543,.5,.5,,,,,,,,,,,,,,,,,,,,,,,,,,,,,,,,,,,
,,Ölsta,26,,Ölsta,652,.5,.5,,,,,,,,,,,,,,,,,,,,,,,,,,,,,,,,,,,
,,Önnestad,27,,Önnestad,1392,.5,.5,,,,,,,,,,,,,,,,,,,,,,,,,,,,,,,,,,,
,,Örbyhus,21,,Örbyhus,2025,.5,.5,,,,,,,,,,,,,,,,,,,,,,,,,,,,,,,,,,,
,,Örebro,15,,Örebro,115765,.5,.5,,,,,,,,,,,,,,,,,,,,,,,,,,,,,,,,,,,
,,Öregrund,21,,Öregrund,1589,.5,.5,,,,,,,,,,,,,,,,,,,,,,,,,,,,,,,,,,,
,,Örkelljunga,27,,Örkelljunga,5193,.5,.5,,,,,,,,,,,,,,,,,,,,,,,,,,,,,,,,,,,
,,Örnsköldsvik,24,,Örnsköldsvik,32493,.5,.5,,,,,,,,,,,,,,,,,,,,,,,,,,,,,,,,,,,
,,Örsundsbro,21,,Örsundsbro,1302,.5,.5,,,,,,,,,,,,,,,,,,,,,,,,,,,,,,,,,,,
,,Ösmo,26,,Ösmo,3866,.5,.5,,,,,,,,,,,,,,,,,,,,,,,,,,,,,,,,,,,
,,Östansjö,14,,Östansjö,862,.5,.5,,,,,,,,,,,,,,,,,,,,,,,,,,,,,,,,,,,
,,Östansjö,15,,Östansjö,869,.5,.5,,,,,,,,,,,,,,,,,,,,,,,,,,,,,,,,,,,
,,Österby,05,,Österby,527,.5,.5,,,,,,,,,,,,,,,,,,,,,,,,,,,,,,,,,,,
,,Österbybruk,21,,Österbybruk,2331,.5,.5,,,,,,,,,,,,,,,,,,,,,,,,,,,,,,,,,,,
,,Österbymo,16,,Österbymo,897,.5,.5,,,,,,,,,,,,,,,,,,,,,,,,,,,,,,,,,,,
,,Östermalm,26,,Östermalm,36418,.5,.5,,,,,,,,,,,,,,,,,,,,,,,,,,,,,,,,,,,
,,Östersund,07,,Östersund,49806,.5,.5,,,,,,,,,,,,,,,,,,,,,,,,,,,,,,,,,,,
,,Östervåla,21,,Östervåla,1696,.5,.5,,,,,,,,,,,,,,,,,,,,,,,,,,,,,,,,,,,
,,Östhammar,21,,Östhammar,4726,.5,.5,,,,,,,,,,,,,,,,,,,,,,,,,,,,,,,,,,,
,,Östnor,10,,Östnor,523,.5,.5,,,,,,,,,,,,,,,,,,,,,,,,,,,,,,,,,,,
,,Östra Grevie,27,,Östra Grevie,758,.5,.5,,,,,,,,,,,,,,,,,,,,,,,,,,,,,,,,,,,
,,Östra Husby,16,,Östra Husby,868,.5,.5,,,,,,,,,,,,,,,,,,,,,,,,,,,,,,,,,,,
,,Östra Karup,27,,Östra Karup,789,.5,.5,,,,,,,,,,,,,,,,,,,,,,,,,,,,,,,,,,,
,,Östra Ljungby,27,,Östra Ljungby,1740,.5,.5,,,,,,,,,,,,,,,,,,,,,,,,,,,,,,,,,,,
,,Överhärde,03,,Överhärde,553,.5,.5,,,,,,,,,,,,,,,,,,,,,,,,,,,,,,,,,,,
,,Överhörnäs,24,,Överhörnäs,602,.5,.5,,,,,,,,,,,,,,,,,,,,,,,,,,,,,,,,,,,
,,Överkalix,14,,Överkalix,1036,.5,.5,,,,,,,,,,,,,,,,,,,,,,,,,,,,,,,,,,,
,,Överlida,28,,Överlida,540,.5,.5,,,,,,,,,,,,,,,,,,,,,,,,,,,,,,,,,,,
,,Övertorneå,14,,Övertorneå,1906,.5,.5,,,,,,,,,,,,,,,,,,,,,,,,,,,,,,,,,,,
,,Överum,09,,Överum,1166,.5,.5,,,,,,,,,,,,,,,,,,,,,,,,,,,,,,,,,,,
,,Öxeryd,28,,Öxeryd,544,.5,.5,,,,,,,,,,,,,,,,,,,,,,,,,,,,,,,,,,,
